Country Name,1990,1991,1992,1993,1994,1995,1996,1997,1998,1999,2000,2001,2002,2003,2004,2005,2006,2007,2008,2009,2010,2011,2012,2013,2014,2015,2016,2017,2018,2019,2020,2021,2022,2023
Aruba,,,,,,,,,,96.7551574707031,87.1099090576172,100.881057739258,104.093566894531,90.206901550293,91.4094009399414,97.0914077758789,97.6032028198242,106.258689880371,104.027778625488,95.4054107666016,98.3717803955078,,,99.4520492553711,106.056129455566,,,,106.101188659668,107.025413513184,99.4091567993164,103.091186523438,93.4065933227539,
Africa Eastern and Southern,47.5599212646484,48.7419204711914,47.6988716125488,49.1685791015625,48.0069618225098,48.3121185302734,48.5949516296387,48.0526809692383,46.7477912902832,46.6758804321289,46.0334281921387,47.8666381835938,49.089469909668,50.4168014526367,51.5113906860352,54.0342216491699,56.8873596191406,58.7224082946777,62.2936210632324,66.6188125610352,66.8737411499023,65.3809280395508,65.7979125976562,65.8725814819336,66.4142379760742,66.4349670410156,67.4167327880859,68.6395492553711,69.875,70.3737335205078,71.271110534668,72.3049163818359,71.3362274169922,
Afghanistan,,,,17.0720405578613,,,,,,,,,,,,,,,,,,,,,,,65.5676116943359,69.0419235229492,69.7666091918945,67.502799987793,,,,
Africa Western and Central,49.7946510314941,49.8466911315918,50.1471405029297,50.2841796875,50.3575401306152,50.2403297424316,50.9124183654785,50.9613189697266,51.3967781066895,51.7139892578125,52.3688011169434,53.0450210571289,53.428409576416,54.0705718994141,54.3643608093262,56.4012298583984,58.999870300293,56.6535415649414,55.369010925293,58.2451782226562,59.6769790649414,61.0737609863281,62.7378616333008,62.7260284423828,63.2800102233887,64.3095169067383,64.9287796020508,64.4577789306641,64.7812118530273,64.994743347168,65.4384689331055,66.1529312133789,64.9267883300781,65.617790222168
Angola,,,,,,,,,,,,,,,,,,,36.5583992004395,36.4576797485352,36.21923828125,35.8636512756348,,,,,,,,,,59.0305480957031,60.2004280090332,
Albania,,,,,,,90.5802612304688,,,,,,,107.92537689209,104.720672607422,,,108.718589782715,109.860473632812,107.613922119141,101.488723754883,100.700141906738,118.649780273438,87.7723236083984,106.871688842773,98.1427001953125,99.8697204589844,104.463073730469,102.025398254395,94.476188659668,97.0400924682617,94.8492889404297,97.5027618408203,91.6996002197266
Andorra,,,,,,,,,,,,,92.7492370605469,102.424240112305,106.194686889648,,,,,,,,,,65.6756820678711,68.6015777587891,64.207649230957,66.0919494628906,62.3595504760742,61.9946098327637,61.6438407897949,60.0928115844727,,68.1592025756836
Arab World,60.6329383850098,61.1634292602539,62.1596183776855,62.5797882080078,63.5554008483887,64.8087387084961,66.1448822021484,67.2033004760742,68.5852203369141,69.9846115112305,70.1088333129883,71.4542007446289,72.6302185058594,74.0966110229492,75.8075180053711,76.5795364379883,75.4505233764648,77.4545822143555,78.7069931030273,78.5941619873047,80.3950500488281,80.9038391113281,82.364387512207,78.4387969970703,78.7321395874023,78.0686798095703,78.0720672607422,78.3507385253906,79.3878021240234,79.6808013916016,80.7505187988281,80.9645080566406,82.3646697998047,83.7298965454102
United Arab Emirates,86.0195465087891,92.0921325683594,92.1190032958984,91.0666122436523,91.9542694091797,91.441650390625,87.9795913696289,86.6882781982422,86.7059478759766,91.7437591552734,95.1232070922852,112.213371276855,107.776969909668,95.6738662719727,92.1145172119141,90.7786331176758,88.3129119873047,88.7828598022461,,66.9717864990234,68.2881927490234,68.4539108276367,72.6052627563477,74.9869613647461,77.1275100708008,78.8523330688477,,,,83.0013580322266,80.0256805419922,,,100.922790527344
Argentina,,,,,,,94.6956024169922,94.9833297729492,103.833137512207,100.894821166992,100.942520141602,100.522903442383,103.205833435059,100.646942138672,98.8051834106445,95.7585906982422,96.6716003417969,99.4710311889648,103.054336547852,103.559028625488,103.731307983398,103.920051574707,104.117866516113,103.587631225586,105.598808288574,106.296783447266,107.820762634277,102.229911804199,101.081398010254,101.146430969238,105.180068969727,106.392417907715,103.885749816895,
Armenia,,,,,,,,,,,,,82.730712890625,86.5207977294922,99.0403823852539,93.8797378540039,92.8469696044922,97.5237274169922,98.5157318115234,,91.8632583618164,93.5342178344727,93.8078994750977,,93.342041015625,94.1152420043945,104.379989624023,101.938011169434,98.5882186889648,95.9885711669922,101.778373718262,100.186752319336,91.0718765258789,92.3628005981445
American Samoa,,,,,,,,,,,,,,,,,,,,,,,,,,,,,,,,,,
Antigua and Barbuda,,,84.2880477905273,,,,,,,,,,,,,,,,109.127517700195,104.264099121094,118.195266723633,113.567070007324,,114.940826416016,109.355827331543,99.0551223754883,99.1987152099609,106.462043762207,107.729469299316,107.728706359863,,,,
Australia,,,,,,,,,,,,,,,,,,,,,,,,,,,,,,,,,,
Austria,,,,,,,,,99.8747406005859,98.9233322143555,,,99.5028762817383,,100.30689239502,,,,,,,100.442520141602,96.7753067016602,98.5312423706055,98.0967864990234,98.6279830932617,96.5676727294922,98.8874206542969,98.2095718383789,98.9782028198242,97.4406890869141,100.079627990723,96.6240692138672,
Azerbaijan,,,,,,,,,,,85.497428894043,93.9814987182617,100.991226196289,90.2480926513672,94.8574981689453,89.6128005981445,90.9314270019531,98.4918518066406,89.7155990600586,91.4284362792969,88.9788513183594,92.1835632324219,91.5945892333984,86.5466766357422,97.6105194091797,101.61833190918,109.720207214355,107.618377685547,100.641212463379,100.373161315918,99.1685180664062,96.5256805419922,99.0121307373047,95.9460678100586
Burundi,31.703540802002,39.7745590209961,39.4535293579102,42.9379386901855,,,,,,,22.9664001464844,23.2510890960693,23.4105892181396,26.4568996429443,27.1102409362793,31.3628101348877,,45.2214088439941,39.930290222168,47.9386405944824,53.5865783691406,59.7081413269043,66.2401123046875,74.8393630981445,73.8823471069336,66.9074096679688,69.1788177490234,68.0269927978516,61.619930267334,57.89453125,53.001838684082,,,
Belgium,,80.0240020751953,,,,,,,,,,,,,,,,,,,,,,,,,,,,,,,,
Benin,11.1503601074219,13.2077798843384,12.968409538269,14.138500213623,15.4769296646118,18.6699905395508,19.4752807617188,21.1817092895508,23.0585803985596,,25.083309173584,28.2178993225098,29.7774906158447,34.1879615783691,39.5081596374512,,,,52.2048416137695,,57.2166290283203,62.9200210571289,64.4668502807617,70.1695404052734,71.6975402832031,73.3267593383789,73.0627365112305,,,58.6740684509277,57.393440246582,67.2795181274414,61.853141784668,
Burkina Faso,13.8866500854492,14.6603002548218,20.8429794311523,18.6260108947754,19.6202697753906,14.7155799865723,17.3873805999756,,,17.9364891052246,19.560359954834,20.4312191009521,21.6695804595947,23.5939292907715,24.9944591522217,26.4574699401855,28.0285491943359,29.778169631958,33.2407112121582,39.1826095581055,43.1958999633789,49.9376678466797,54.7807312011719,61.2615394592285,61.5311317443848,61.8921318054199,62.2848510742188,64.1177062988281,65.4495468139648,65.1451110839844,66.192253112793,68.6767807006836,63.7592086791992,57.2794990539551
Bangladesh,,,,,,,,,,,,,,,,68.1407012939453,,,59.9092597961426,65.9158630371094,68.5115203857422,,,,,,,,,,,122.023803710938,114.66185760498,115.554016113281
Bulgaria,101.674697875977,95.0087203979492,90.7816619873047,86.9013290405273,87.1415481567383,85.6811828613281,89.4873428344727,91.5762023925781,92.9882888793945,93.8439025878906,95.5269927978516,100.304046630859,101.527702331543,101.943962097168,102.79443359375,104.744163513184,107.543296813965,103.991546630859,103.244132995605,100.916191101074,99.534797668457,99.2872924804688,99.0352325439453,99.8572387695312,98.8547515869141,99.2664794921875,98.5221405029297,98.7016296386719,97.3978500366211,96.7766036987305,97.914909362793,92.7438812255859,95.4121017456055,
Bahrain,,100.08757019043,93.4484176635742,86.9201507568359,80.4548568725586,81.8630676269531,81.1667175292969,,83.9710998535156,87.2688598632812,87.459602355957,88.7496032714844,92.4941711425781,92.5391311645508,97.327392578125,97.1565399169922,,,,,,94.4056930541992,98.2040786743164,103.3828125,103.69815826416,99.778923034668,101.282348632812,99.2511520385742,100.607452392578,99.507942199707,,,93.4154281616211,89.6756973266602
"Bahamas, The",,,,,,,,,,78.5642700195312,,,,,,92.9274826049805,85.7822723388672,89.4035720825195,87.7093276977539,87.0581207275391,79.5086898803711,87.8679809570312,84.2370376586914,76.0441513061523,77.3301315307617,,,,,,,,,
Bosnia and Herzegovina,,,,,,,,,,,,,,,,,,,,,72.4389266967773,77.5280914306641,77.1656036376953,76.0282516479492,84.2961807250977,91.3972396850586,90.0918197631836,90.15966796875,87.6003036499023,91.4811782836914,89.3832168579102,89.2675933837891,86.5141220092773,86.3625335693359
Belarus,,,,90.1547698974609,91.5576629638672,90.1920623779297,86.7380294799805,90.2350234985352,,96.5962295532227,101.870559692383,106.227569580078,128.950897216797,102.711761474609,101.271202087402,99.7501907348633,98.7065505981445,97.5204925537109,93.1044921875,,,97.5074310302734,96.3839111328125,93.7441787719727,93.2107772827148,92.9050521850586,94.2034072875977,94.4354629516602,96.189453125,97.9814834594727,94.544677734375,92.6838989257812,91.0230331420898,91.6238327026367
Belize,,,94.0415496826172,,,92.5994110107422,98.5358734130859,,,96.1891784667969,96.491813659668,103.410949707031,,101.39924621582,100.703147888184,102.170639038086,99.9123077392578,105.803321838379,98.3411712646484,102.434463500977,97.6375885009766,103.91349029541,109.451461791992,103.265090942383,102.833381652832,105.075477600098,105.980667114258,102.453826904297,104.173347473145,103.027030944824,105.125411987305,111.152313232422,103.984397888184,92.7203063964844
Bermuda,,,,,,,,,,,,103.394256591797,108.60758972168,106.426742553711,,,,,,,,97.9350967407227,91.7647094726562,111.006286621094,,,,,,,,,,
Bolivia,,,,,,,,,,,,,,,,,,,,,97.8182830810547,97.7385025024414,98.7406997680664,95.9917831420898,91.8683013916016,89.0040893554688,89.7464065551758,90.7919387817383,93.5634765625,90.859489440918,92.4228591918945,,96.9193115234375,96.3125305175781
Brazil,,,,,,,,,,,,,,,,,,,,,,,,,,,,,,,,,,
Barbados,,,,,,,,,,96.6963806152344,95.9540481567383,102.705307006836,101.018432617188,107.157157897949,99.5275573730469,99.7810592651367,97.4972229003906,97.0198669433594,97.982551574707,98.481559753418,97.3796768188477,97.1083068847656,,,,,,,88.6160736083984,84.5130386352539,97.3224716186523,101.801239013672,89.8101272583008,97.9381408691406
Brunei Darussalam,,,,,,,,89.7891235351562,94.7599487304688,97.7049179077148,98.2191772460938,102.403312683105,103.002243041992,107.609306335449,105.031448364258,105.877288818359,105.018753051758,105.035972595215,104.533569335938,104.025039672852,107.170715332031,108.836395263672,103.684364318848,104.556213378906,97.616943359375,100.208709716797,103.957054138184,102.369819641113,102.77953338623,95.6383285522461,100.381317138672,,,97.7004547119141
Bhutan,,,,21.0289402008057,25.8302593231201,,,,44.7589111328125,50.1531715393066,51.5241317749023,51.0854797363281,,,,,72.1827774047852,,84.3834075927734,88.6407470703125,98.9466171264648,99.0509567260742,107.060539245605,102.049362182617,103.071617126465,100.412399291992,102.038230895996,99.6057968139648,89.4843292236328,82.0812683105469,89.9953231811523,97.0959014892578,86.8673934936523,
Botswana,96.2213134765625,95.7071075439453,95.1899108886719,93.6102981567383,98.5294799804688,94.6861267089844,96.4582138061523,,93.6207733154297,90.9098968505859,90.1991424560547,93.4828186035156,94.5246505737305,95.1370468139648,95.1660766601562,95.5467376708984,97.5789031982422,92.8852691650391,95.3886489868164,97.6328887939453,,,98.4614715576172,97.1184005737305,71.6099700927734,,,,,,,,93.3829574584961,
Central African Republic,19.876350402832,20.1123104095459,15.5456600189209,,,,,,,,,,,,15.8681402206421,17.6154899597168,18.2165699005127,,23.4958992004395,25.988639831543,26.5254497528076,28.6760292053223,30.3383293151855,,,,29.8765296936035,40.0755996704102,,,,,,
Canada,,,,,,,,,95.1507263183594,97.7160415649414,98.2839584350586,,,,,,,,,,,,,,,,,,,,,,,
Central Europe and the Baltics,94.8424987792969,92.9643173217773,92.8066329956055,93.5124893188477,93.6991577148438,92.5437698364258,94.4050827026367,95.6964492797852,96.081672668457,97.3386917114258,97.572151184082,100.198097229004,99.775390625,98.9024505615234,98.8183364868164,98.7256164550781,98.8235778808594,97.9621276855469,96.9302215576172,97.4077606201172,97.989616394043,97.8565368652344,96.8332214355469,96.5982894897461,96.4415893554688,97.6834869384766,97.0898666381836,99.1802825927734,93.9926986694336,93.8429183959961,94.574592590332,95.1323776245117,95.3651962280273,95.3965377807617
Switzerland,51.8594207763672,53.1466217041016,54.4596481323242,57.8611793518066,60.5613594055176,,73.5175476074219,,,96.710090637207,98.770637512207,96.3894500732422,97.5895309448242,96.7873764038086,98.1534118652344,96.3820495605469,98.1537933349609,97.4160614013672,98.2243423461914,97.9227066040039,98.73095703125,97.7118301391602,97.7123184204102,94.7278289794922,97.3618392944336,97.5486068725586,95.2120819091797,97.267822265625,95.4034194946289,94.6508102416992,95.2465896606445,96.3942031860352,95.5380325317383,
Channel Islands,,,,,,,,,,,,,,,,,,,,,,,,,,,,,,,,,,
Chile,,,,,,,,,,,,,,,,,,,,,,95.1889495849609,97.5218200683594,96.6104583740234,98.1872329711914,97.6334915161133,97.8263931274414,97.52880859375,97.6894683837891,96.9540100097656,97.5408630371094,97.7230606079102,98.8135299682617,
China,,,,,,,90.0827331542969,91.5138778686523,,,,,,,,,92.9709396362305,97.0764007568359,105.72486114502,106.323928833008,105.377182006836,,,,,,,,,,,,,
Cote d'Ivoire,29.5753898620605,30.841869354248,29.0198402404785,30.4232807159424,31.7311992645264,31.1339797973633,32.7385406494141,31.5510406494141,34.0277900695801,,33.3517189025879,37.4980316162109,,,,,32.5994987487793,35.8385810852051,,37.3548583984375,,46.7068214416504,45.870849609375,46.2720108032227,47.547290802002,53.0774688720703,56.6850814819336,61.946720123291,65.8000793457031,70.6708908081055,73.6503372192383,72.1432189941406,68.1644821166992,80.1363220214844
Cameroon,54.516429901123,51.1294288635254,,,,,,,,44.6377487182617,46.6730003356934,,,52.4137191772461,53.627799987793,,47.0485000610352,49.4822998046875,64.8987426757812,64.7765579223633,66.5326995849609,65.2488021850586,69.4360809326172,,68.9205474853516,70.2440490722656,69.1732330322266,64.4313278198242,60.9040107727051,62.0059204101562,62.9655227661133,65.1495819091797,66.2083892822266,68.1609420776367
"Congo, Dem. Rep.",,37.9360618591309,35.1645011901855,44.3549194335938,36.8052406311035,,,,,30.64674949646,,,32.3329582214355,,,,,39.9390983581543,44.6374816894531,47.9074096679688,51.7605514526367,52.032039642334,57.4362106323242,59.7097015380859,58.992115020752,67.4712524414062,,,,,74.7407531738281,79.1898193359375,,74.1452026367188
"Congo, Rep.",59.4893493652344,51.3461685180664,63.4836807250977,63.228588104248,53.7522010803223,,47.791618347168,,,30.4950103759766,,53.7171897888184,55.8758583068848,51.7402114868164,73.240348815918,64.774543762207,69.6171569824219,69.7149429321289,65.3784408569336,64.537712097168,65.7303771972656,73.9123611450195,76.591178894043,,,74.3932876586914,,,66.0263519287109,,,,,71.7173461914062
Colombia,88.9537963867188,79.0676498413086,90.9681930541992,88.7521896362305,87.1276397705078,90.9303131103516,91.7726135253906,,97.2524032592773,98.8659973144531,101.64225769043,,98.6187973022461,,105.75080871582,108.820167541504,114.702697753906,116.764259338379,116.283157348633,121.891090393066,121.28840637207,118.816680908203,113.07731628418,102.958961486816,102.17431640625,101.969100952148,102.69677734375,106.483459472656,105.190063476562,103.186859130859,99.61083984375,98.2741165161133,96.7505111694336,
Comoros,,,38.2915802001953,,,,,,,44.7578392028809,,,52.1356315612793,51.3272018432617,57.1338195800781,,,57.4160385131836,60.0589294433594,,,,,77.3655319213867,84.2092742919922,,,81.8561553955078,,,,,,
Cabo Verde,50.8062782287598,,,,62.1299591064453,,,,96.9939575195312,,103.993690490723,98.4824523925781,99.2262802124023,101.05396270752,96.299186706543,84.2285537719727,95.4538421630859,90.4952087402344,98.505729675293,93.3517074584961,95.7150421142578,91.8226776123047,92.2021713256836,89.435173034668,91.6459121704102,95.6730804443359,89.8373184204102,84.8456268310547,84.1860504150391,92.4140472412109,85.195686340332,87.148063659668,,
Costa Rica,,79.9864120483398,82.5402297973633,84.0830764770508,82.9858779907227,81.4541015625,84.0120697021484,,,86.2701416015625,92.0938034057617,92.6877822875977,96.6647567749023,,96.4581680297852,95.9079513549805,91.4553680419922,93.4215087890625,96.4099197387695,99.1332015991211,99.6685028076172,99.8558731079102,96.9700927734375,96.0623092651367,99.6901779174805,95.1086502075195,95.3045501708984,95.488037109375,96.1244583129883,96.9159393310547,97.4142990112305,98.4024963378906,100.887619018555,
Caribbean small states,95.0346908569336,94.0172882080078,93.2129211425781,91.896598815918,90.6507186889648,89.3301696777344,89.8635025024414,88.8906097412109,89.8034133911133,90.648078918457,89.6794586181641,85.2499465942383,88.3180465698242,86.7932662963867,88.3671188354492,90.0925674438477,90.6378479003906,90.1279067993164,89.6844711303711,89.9938201904297,90.6365203857422,92.1800384521484,99.1378402709961,95.7420425415039,93.8026962280273,92.5621871948242,91.1369323730469,91.1067504882812,88.9777526855469,90.8076324462891,86.4123382568359,87.694580078125,87.8550109863281,87.6269073486328
Cuba,,,,,,,,,,99.2309188842773,99.0315780639648,97.0858688354492,99.9505233764648,97.066162109375,95.8498687744141,96.6129684448242,96.4385375976562,97.9055099487305,92.6689071655273,97.9285888671875,96.3538970947266,95.2941513061523,92.3872299194336,91.7502670288086,96.4826736450195,96.2795486450195,95.5227127075195,96.2764663696289,91.5126724243164,91.321533203125,94.8239898681641,97.1699523925781,93.3855133056641,93.2537384033203
Curacao,,,,,,,,,,,,,,,,,,,,,,,,,,,,,,,,,,
Cayman Islands,,,,,,,,,,107.441856384277,102.978721618652,100.398406982422,108.208961486816,,92.5531921386719,105.035972595215,89.3772888183594,111.956520080566,93.5714263916016,,,105.396827697754,106.79012298584,105.351173400879,,,,,126.523300170898,112.087913513184,,110.946746826172,91.8158569335938,86.5638809204102
Cyprus,,,,,,,,,,,97.2732315063477,98.5783767700195,100.902763366699,102.752471923828,86.3794326782227,98.5299530029297,99.5320129394531,98.103141784668,97.719612121582,99.8577499389648,100.858917236328,101.551567077637,99.6903305053711,97.8568267822266,100.097213745117,97.7970504760742,98.9318237304688,101.156867980957,101.860679626465,102.125198364258,99.4018402099609,100.749061584473,100.143241882324,
Czechia,,,,97.4021377563477,100.883003234863,,107.27417755127,,,99.4282379150391,101.900909423828,97.8253631591797,102.532577514648,100.580467224121,100.144836425781,106.73844909668,104.31706237793,105.084053039551,101.049110412598,100.78946685791,101.859939575195,100.808853149414,98.971061706543,99.258430480957,99.5554580688477,97.4269714355469,97.9728698730469,97.3155975341797,93.3873062133789,96.514892578125,96.5886306762695,101.592529296875,102.676872253418,
Germany,,,,100.882110595703,99.9590225219727,100.254951477051,99.2291793823242,99.7187576293945,,100.142349243164,99.0539398193359,107.027290344238,103.388366699219,102.069488525391,102.837127685547,101.042137145996,99.6868667602539,102.223342895508,102.80394744873,104.005561828613,101.133728027344,103.636436462402,102.055450439453,101.803207397461,99.2480010986328,101.870109558105,100.095687866211,97.649169921875,98.7400817871094,99.9308776855469,98.487190246582,101.021011352539,98.0000991821289,
Djibouti,,,,,,,,,,,,,,,,,,,,,,,,,,,,,,,,,,
Dominica,,,,,,,,,,119.860137939453,109.97151184082,113.169319152832,105.417282104492,99.8537979125977,106.997077941895,111.764709472656,99.4047622680664,101.694923400879,97.5923004150391,91.2013473510742,87.52197265625,99.6569519042969,96.7521362304688,93.4973602294922,101.701316833496,100.0,103.441680908203,,,87.5239944458008,,82.8571395874023,85.3002090454102,85.7142868041992
Denmark,99.9215087890625,99.3183670043945,98.6122894287109,100.495796203613,100.757827758789,,,,100.632469177246,100.106826782227,100.0,99.4754409790039,102.681480407715,,100.064147949219,98.8537368774414,103.731300354004,100.0,99.5552825927734,98.7832717895508,99.5480194091797,101.071739196777,99.7669067382812,99.302116394043,100.181266784668,99.7646179199219,100.89331817627,101.102592468262,99.6264190673828,100.529312133789,99.6574783325195,99.5444564819336,99.5729675292969,
Dominican Republic,,,,,,,,,,77.177116394043,82.5804977416992,,95.9025115966797,,90.4875030517578,,89.3376922607422,95.243049621582,,93.8245468139648,92.1648864746094,94.0067367553711,94.5736465454102,94.8155517578125,94.8476409912109,97.9173126220703,96.9923095703125,95.0231323242188,93.244010925293,93.3884735107422,96.9038391113281,88.9884719848633,90.1221313476562,85.9290466308594
Algeria,72.9720993041992,73.1249923706055,74.6633682250977,73.679313659668,72.8135986328125,74.7941665649414,78.0746688842773,80.4597320556641,,83.1597137451172,82.4775085449219,89.6297302246094,92.6878967285156,94.5012283325195,97.1799774169922,98.5751419067383,86.9479370117188,99.3132934570312,110.763076782227,97.5703277587891,97.6657333374023,97.4447479248047,99.4411468505859,101.97501373291,101.776527404785,98.4185104370117,100.851547241211,102.802917480469,103.524276733398,100.291580200195,102.213920593262,99.5935592651367,96.0903625488281,100.725112915039
East Asia & Pacific (excluding high income),,,,,,92.3672790527344,89.615592956543,90.4507675170898,92.1334533691406,93.7218322753906,95.810661315918,97.9664077758789,96.8620529174805,96.2436370849609,95.4212188720703,94.965950012207,94.1395416259766,96.8400192260742,102.054252624512,102.735977172852,102.521858215332,101.31510925293,99.1793212890625,99.7673721313477,96.1406326293945,94.2878570556641,96.3360214233398,98.0120468139648,99.3516693115234,98.5169296264648,96.4495086669922,98.2072601318359,98.2236633300781,
Early-demographic dividend,63.9005699157715,64.5595397949219,65.6130828857422,66.6566772460938,67.7894821166992,68.8333511352539,68.7374496459961,68.4288711547852,68.5770797729492,68.5712432861328,70.0746536254883,73.2894897460938,74.5986785888672,78.3109664916992,80.5625610351562,83.1823883056641,84.1973495483398,86.2487106323242,88.0436019897461,89.520751953125,89.8475189208984,89.6616821289062,91.491828918457,91.5557632446289,92.4866409301758,92.7596282958984,93.4609527587891,92.4058227539062,91.9432907104492,92.0824508666992,93.1867828369141,93.5071334838867,99.1675186157227,91.1077270507812
East Asia & Pacific,,,,,,93.3151321411133,90.6417617797852,91.3112335205078,92.8067932128906,94.1907806396484,96.1891708374023,98.2076034545898,97.0800476074219,96.654670715332,95.8941879272461,95.4523162841797,94.7041931152344,97.2394485473633,102.027770996094,102.70890045166,102.536521911621,101.343368530273,99.4486083984375,100.061973571777,96.5506210327148,94.8402633666992,96.7620468139648,98.2539596557617,99.4461364746094,98.7253723144531,96.8324890136719,98.4573211669922,98.3957901000977,
Europe & Central Asia (excluding high income),,,96.054313659668,93.7407073974609,93.6694793701172,93.0052337646484,92.5864028930664,92.457878112793,93.3342590332031,94.2956695556641,94.7277374267578,96.4730682373047,97.8609924316406,97.1609725952148,99.044921875,101.876388549805,98.1248474121094,97.7186431884766,97.4890899658203,97.9850234985352,97.5221176147461,99.7032318115234,98.5413436889648,98.6032028198242,98.3322906494141,96.9996795654297,110.892852783203,95.5396194458008,94.1039505004883,96.3219985961914,98.1435012817383,98.5122299194336,98.0962600708008,97.8830413818359
Europe & Central Asia,,,96.0400466918945,95.4371871948242,95.4486236572266,94.970100402832,95.248161315918,95.5937881469727,96.1755828857422,96.8996887207031,96.4248275756836,98.4502029418945,98.5334320068359,97.7861022949219,98.2894287109375,98.8251190185547,97.5553512573242,97.6046981811523,97.9078598022461,97.6908798217773,97.2585220336914,97.7509307861328,97.7781829833984,97.5919036865234,97.3801498413086,97.5908126831055,101.498092651367,96.936767578125,96.16015625,97.217041015625,97.73193359375,98.1619873046875,97.8527297973633,97.7995071411133
Ecuador,,,,,91.6373901367188,89.6163177490234,89.1750030517578,92.3571014404297,,94.750862121582,94.6711730957031,95.0135879516602,93.8847732543945,93.3007583618164,92.9491806030273,97.226188659668,96.75,97.455192565918,,97.3557205200195,102.589241027832,106.147247314453,106.038177490234,104.817718505859,106.416030883789,99.7470779418945,97.2339401245117,99.7396621704102,99.0626831054688,96.3903732299805,95.780632019043,94.704963684082,100.747230529785,101.45491027832
"Egypt, Arab Rep.",,,,,,,,80.672737121582,,87.4282913208008,86.7628326416016,85.3767166137695,86.0245132446289,82.7391967773438,84.1423034667969,83.5653533935547,81.605583190918,85.1869201660156,,88.1973114013672,89.6016387939453,,,92.1044769287109,,,87.8639221191406,87.0484924316406,90.8248825073242,93.0458374023438,96.92626953125,97.4683609008789,,
Euro area,99.5020294189453,98.9947204589844,99.5991668701172,99.8106307983398,99.8438720703125,99.2035980224609,99.1511611938477,99.1489486694336,99.1466522216797,99.1823501586914,97.8008804321289,99.7313995361328,98.4676284790039,98.2239685058594,98.8404235839844,98.4233932495117,98.0384292602539,98.7353668212891,99.1878204345703,98.6654586791992,98.1350479125977,98.1600036621094,97.5518417358398,97.5384826660156,97.0111465454102,97.4853134155273,96.8750076293945,96.9023971557617,96.7717208862305,97.2108688354492,96.924919128418,97.5358505249023,96.8313369750977,96.837760925293
Eritrea,,,,,26.7527809143066,33.0771217346191,42.0226097106934,46.1769714355469,,48.1207008361816,52.2082481384277,53.8155899047852,48.3932609558105,51.8484802246094,55.0377197265625,69.9257202148438,62.9352607727051,62.289981842041,56.5312805175781,60.9336891174316,52.9957008361816,52.2414283752441,49.1118087768555,48.5601196289062,52.060001373291,52.7762718200684,,59.2061996459961,57.8843612670898,54.3553848266602,,,51.5567893981934,
Spain,103.404579162598,,,103.784156799316,104.693870544434,,,,,,,,,,100.534408569336,,99.8931503295898,99.8384170532227,99.156379699707,98.5727233886719,99.0792388916016,96.6780014038086,97.0631637573242,96.7015075683594,96.6954879760742,96.2493133544922,95.2841033935547,97.1837463378906,96.2591018676758,97.2381820678711,96.5362014770508,99.1389312744141,98.696533203125,
Estonia,,,,,,80.1100311279297,87.6418991088867,,89.6949462890625,95.3874435424805,99.0695419311523,102.189010620117,102.252960205078,104.106376647949,106.019073486328,102.509269714355,102.478256225586,101.337387084961,101.948883056641,100.129867553711,100.504348754883,100.178886413574,98.0341033935547,97.9731979370117,99.0068511962891,96.443717956543,98.1747665405273,95.995719909668,96.8126907348633,97.1564712524414,95.94140625,98.197021484375,98.257568359375,
Ethiopia,,,,,12.3474702835083,12.0096998214722,12.8403997421265,,,13.9905796051025,15.2805004119873,18.928129196167,21.553840637207,24.2598495483398,27.4896106719971,34.7656517028809,40.6859588623047,41.5843315124512,45.5407409667969,49.7425193786621,55.8174285888672,50.9856185913086,51.4121055603027,,52.4973220825195,52.042366027832,,,,,61.9385261535645,,60.8887672424316,55.4407005310059
European Union,98.4689865112305,97.5427627563477,97.9340362548828,98.4535903930664,98.5560684204102,97.6796264648438,98.1020202636719,98.3904037475586,98.4176788330078,98.7298202514648,97.759880065918,99.8235397338867,98.8652572631836,98.3902206420898,98.6983489990234,98.441032409668,98.2879409790039,98.5448532104492,98.6814575195312,98.4185409545898,98.1246337890625,98.1120986938477,97.4572906494141,97.396369934082,96.9766387939453,97.613410949707,97.0534515380859,97.5257568359375,96.2524795532227,96.5248413085938,96.4083786010742,97.1166915893555,96.5911407470703,96.6036834716797
Fragile and conflict affected situations,53.4980392456055,54.0450210571289,53.4819602966309,53.8193511962891,52.9513511657715,52.613410949707,52.8214912414551,52.3315086364746,52.0192909240723,51.6577682495117,52.1552085876465,53.0556793212891,53.8327713012695,55.0872611999512,56.1416091918945,58.6319007873535,60.6063919067383,59.5506401062012,59.6898193359375,61.8299789428711,63.6274909973145,63.3286285400391,64.10595703125,63.7260093688965,64.4349365234375,64.7846832275391,65.4107208251953,65.7352905273438,66.2266311645508,66.6138534545898,67.1190338134766,67.88623046875,67.5837173461914,
Finland,99.7884826660156,99.208869934082,99.8640518188477,99.5690612792969,99.2932205200195,99.446647644043,100.165573120117,,99.7032470703125,99.2528915405273,99.82568359375,99.2812423706055,98.894416809082,98.8961029052734,99.2472915649414,98.9076309204102,99.4029083251953,98.972770690918,98.8546905517578,99.4403915405273,98.9113235473633,99.2819671630859,98.7614517211914,98.9811782836914,99.0271987915039,99.4965896606445,99.1649627685547,99.2057495117188,99.5932312011719,99.3693237304688,98.9040298461914,99.4299774169922,98.1308364868164,
Fiji,,,96.9198837280273,,97.3419189453125,98.6218414306641,96.7244110107422,96.6695022583008,101.078903198242,93.6897888183594,89.1119384765625,93.7171096801758,96.9813003540039,,98.3167190551758,,98.4309310913086,,93.0118026733398,93.7375564575195,,93.9361190795898,96.0616607666016,94.3175048828125,94.7387161254883,98.3691177368164,96.8133544921875,98.7177963256836,99.5692596435547,98.7973480224609,96.4979705810547,109.823364257812,107.776626586914,110.442893981934
France,,,,,,,,,,,,,,,,,,,,,,,,,,,,,,,,,,
Faroe Islands,,,,,,,,,,,,,,,,,,,,,,,,,,,,,,,,,,
"Micronesia, Fed. Sts.",,,,,,,,,,,,,,,,,,,,,,,,94.7549438476562,92.6829299926758,86.6830062866211,85.25,82.6953735351562,89.7265930175781,85.9965667724609,80.9483489990234,84.6980972290039,90.1396179199219,
Gabon,,,58.1334609985352,,,61.0048484802246,63.2745208740234,64.366340637207,,,,,70.2960815429688,68.5405883789062,,,,,,,,,,,,,,,,74.649658203125,,82.3599700927734,,
United Kingdom,,,,,,,,,,,,,,,,,,,,,,,,,,98.9219665527344,98.5936126708984,98.5167007446289,98.4677200317383,100.199798583984,99.5981521606445,99.404296875,99.8799285888672,
Georgia,,,,,,,,,,,98.4524765014648,104.379898071289,108.459968566895,100.032707214355,106.083381652832,97.9549102783203,,,106.682350158691,107.501037597656,109.363998413086,,104.551300048828,107.335060119629,106.002876281738,105.255760192871,118.226043701172,118.984519958496,101.344528198242,97.8093032836914,92.7592086791992,87.3023223876953,110.695167541504,105.984199523926
Ghana,,49.9241905212402,51.4290084838867,,,,,,,56.827449798584,60.3326683044434,58.410041809082,60.1164093017578,65.6334533691406,59.4730796813965,68.0017318725586,67.1086807250977,72.5710220336914,79.4985275268555,79.1809234619141,,84.5180587768555,100.132926940918,89.3176422119141,87.4847564697266,92.3607788085938,,86.6911468505859,87.8575210571289,,,,91.7502670288086,
Gibraltar,,,,,,,,,,,,,,,,,,,,,,,,,,,109.405937194824,124.277458190918,,127.807487487793,142.934783935547,123.696678161621,148.502990722656,140.112991333008
Guinea,8.43239974975586,8.71778964996338,8.67996978759766,9.78754997253418,10.7686004638672,10.1107196807861,,,14.5213603973389,17.0063095092773,20.0210399627686,22.356029510498,26.1888408660889,28.6745891571045,36.9892616271973,42.6485481262207,47.8860282897949,49.2015991210938,43.1642112731934,48.0413093566895,46.9046783447266,53.5494041442871,55.1353416442871,55.9913215637207,57.9841499328613,54.0613861083984,53.941219329834,48.1088943481445,48.9295387268066,49.7742195129395,53.6374397277832,56.3687019348145,,
"Gambia, The",,,28.0094394683838,28.0175590515137,26.3782005310059,30.0095195770264,36.975341796875,33.324951171875,,53.092658996582,53.4194297790527,55.0466690063477,53.6780586242676,58.3448104858398,58.4579582214355,57.7175102233887,57.0125999450684,65.0897369384766,72.9102096557617,,64.0572204589844,59.9845542907715,60.5372467041016,62.2233352661133,62.3392105102539,63.0467910766602,63.2176742553711,,,73.1986083984375,77.7411041259766,80.3265609741211,81.8491973876953,82.6219482421875
Guinea-Bissau,,,,,,,,,,,19.9620094299316,,,,,,,,,,56.2057685852051,,,,,,,,,,,,,
Equatorial Guinea,,,,,35.6643409729004,,,,,,32.2876014709473,,,22.6640396118164,,31.9612598419189,,,30.4347801208496,33.5630912780762,37.1072616577148,37.4862518310547,40.1957206726074,,,40.7951393127441,,,,,,,,
Greece,,,93.9794769287109,,,,,,,,,,,,94.1504364013672,98.5516204833984,98.5520782470703,98.5488204956055,,,97.2528076171875,94.9769897460938,97.2846984863281,94.2697906494141,95.2877883911133,96.931999206543,98.2740707397461,97.7203063964844,97.0700378417969,97.976432800293,97.7479476928711,95.7826919555664,99.250862121582,
Grenada,,,,,,,,,,91.470588684082,,,89.0980377197266,102.321716308594,,104.940528869629,,103.747528076172,112.246963500977,119.958419799805,108.553329467773,,,97.3840713500977,,,92.3076934814453,,106.326301574707,,,82.2797927856445,,
Greenland,,,,,,,,,,,,,,,,,,,,,,,,,,,,,,,,,,
Guatemala,,,,,,,42.2867889404297,,,46.1320991516113,49.9357414245605,52.0127410888672,56.1217498779297,,63.293270111084,67.4253768920898,70.9924392700195,71.8644790649414,74.8583984375,80.1953201293945,81.5471496582031,84.6152191162109,85.3049011230469,85.4220581054688,84.6549606323242,83.7878875732422,80.9499893188477,80.7756423950195,80.6576080322266,80.1565017700195,81.354606628418,87.5968399047852,87.2404479980469,87.4399795532227
Guam,,,,,,,,,,,,,,,,,,,,,,,,,,,,,,,,,,
Guyana,,,95.1907501220703,96.8235168457031,,83.0659103393555,90.5088577270508,88.6511535644531,,96.8365325927734,100.399131774902,78.9218597412109,,69.582878112793,,97.6193084716797,99.1057586669922,99.3753509521484,98.9546585083008,103.070838928223,97.7519989013672,103.974739074707,104.591178894043,,,,,,,,,,,
High income,96.6353912353516,96.1178894042969,96.5542068481445,96.6334991455078,97.0327987670898,97.0804061889648,97.3102722167969,97.5457992553711,97.7881164550781,98.069206237793,97.7259826660156,98.8238906860352,98.3525238037109,98.2426223754883,98.1579132080078,97.8293685913086,97.8324127197266,98.0901031494141,98.2055511474609,98.4576034545898,98.7362823486328,98.6389312744141,99.3130493164062,98.2680282592773,98.0221710205078,98.2693710327148,97.7675170898438,98.0007705688477,97.2006072998047,99.5156707763672,98.9630889892578,98.7925262451172,97.7214736938477,97.9727630615234
"Hong Kong SAR, China",,,,,,,,,,,,,,103.472221374512,99.1698989868164,99.4168701171875,100.09114074707,98.0952377319336,95.0781326293945,94.3478317260742,100.798080444336,101.609756469727,102.190307617188,111.788383483887,101.184310913086,93.3045120239258,93.3778610229492,110.701751708984,92.4216003417969,96.4557800292969,103.871887207031,118.592437744141,98.8545532226562,
Honduras,,58.043628692627,67.3783569335938,69.6565017700195,71.3639373779297,67.1721496582031,72.1119232177734,72.2345123291016,66.9715194702148,,,,,79.3463516235352,,79.1599426269531,84.5582885742188,,83.7966613769531,85.2139282226562,88.3811874389648,89.1166076660156,88.1482772827148,81.3762283325195,77.076301574707,,79.1846389770508,80.4816970825195,,79.4087524414062,79.8690185546875,75.0942001342773,72.0158386230469,77.7480163574219
Heavily indebted poor countries (HIPC),35.0860214233398,35.9483108520508,35.2024612426758,36.3515510559082,35.4243812561035,35.481990814209,36.4633407592773,36.4749603271484,35.9002494812012,37.000919342041,37.2421607971191,39.4068412780762,41.1675796508789,42.903881072998,44.257251739502,46.986629486084,49.8315010070801,52.286979675293,56.3071899414062,60.2971115112305,61.1456909179688,60.9324493408203,62.2225685119629,62.134220123291,62.6847114562988,63.056640625,64.161491394043,64.9449081420898,65.9800109863281,66.2811813354492,67.2198028564453,68.3157577514648,67.2261505126953,67.1113891601562
Croatia,,,,,,79.8711700439453,85.0039825439453,87.478401184082,92.0889587402344,90.9213333129883,,101.785568237305,98.5482864379883,101.870849609375,,100.665733337402,99.4544296264648,100.016311645508,97.3801574707031,97.0023574829102,97.269889831543,97.6550369262695,97.6864318847656,97.4907073974609,97.2108535766602,101.765228271484,97.9357528686523,98.2679672241211,101.385292053223,99.7285766601562,100.807861328125,97.8029403686523,100.016296386719,
Haiti,,,,,,,,49.1967010498047,,,,,,,,,,,,,,,,,,,,,,,,,,
Hungary,92.2012786865234,,,,,,,94.9004135131836,99.33984375,97.6618194580078,98.6530532836914,96.8905029296875,97.8937683105469,97.9729232788086,99.2405776977539,96.688606262207,99.1709518432617,97.140998840332,99.926872253418,98.5040512084961,98.953727722168,97.110221862793,97.7053909301758,97.8251113891602,98.3560409545898,98.5247116088867,97.1097106933594,99.6636428833008,98.8534622192383,93.1781463623047,92.9049606323242,93.4152603149414,97.5486221313477,
IBRD only,82.4421463012695,81.3957977294922,80.4550628662109,80.7532501220703,80.1661911010742,82.9046020507812,81.7520904541016,82.1620025634766,82.8861770629883,83.5460891723633,84.7981872558594,87.9829483032227,88.335823059082,89.7360534667969,90.9726104736328,92.0913467407227,92.4161605834961,94.9896697998047,98.4380187988281,99.1002578735352,98.4187316894531,97.3630828857422,97.2242889404297,97.8616561889648,97.0581970214844,96.3971405029297,97.3255996704102,96.7598114013672,96.3420028686523,96.2168197631836,96.3994216918945,97.4163208007812,102.12621307373,95.308952331543
IDA & IBRD total,74.0390319824219,73.3931884765625,72.6551132202148,73.0410308837891,72.6297607421875,74.5117492675781,73.8145904541016,74.1116561889648,74.7447662353516,75.4130935668945,76.2648468017578,78.7529907226562,79.2466278076172,79.9844284057617,80.8073883056641,82.0174789428711,82.5935134887695,84.2158203125,86.549560546875,87.8148803710938,87.5914764404297,86.8670120239258,87.2681274414062,87.4051208496094,87.0547332763672,86.7154388427734,87.5771102905273,87.3771896362305,87.4076309204102,87.3925628662109,87.5847396850586,88.3212127685547,90.9577484130859,86.5362319946289
IDA total,47.9138793945312,48.5680084228516,48.5782814025879,49.2551612854004,49.2527503967285,49.6313896179199,50.1898307800293,50.2914085388184,50.4787712097168,51.3455696105957,51.9409790039062,53.1820907592773,54.190559387207,55.2563514709473,56.0675315856934,58.3329696655273,60.2231216430664,60.3765182495117,61.0895195007324,64.2231597900391,65.569709777832,66.0597076416016,67.6051788330078,67.3186874389648,68.1848373413086,68.8125076293945,69.7795333862305,70.6035385131836,71.6211090087891,71.9686126708984,72.275032043457,72.6418914794922,,
IDA blend,,,,,,,,,,63.0273513793945,63.3057518005371,63.4335403442383,62.9493293762207,62.6692390441895,62.5639610290527,63.5174903869629,65.1057281494141,63.2155914306641,61.3020782470703,62.8987312316895,64.4766998291016,63.5591506958008,65.0791091918945,65.244270324707,65.8183670043945,66.2246322631836,66.6299514770508,66.9893188476562,67.9296798706055,69.0628662109375,69.2226791381836,,,
Indonesia,,,,,,96.9420700073242,96.3574905395508,94.7054061889648,,,,96.9952163696289,98.8515014648438,100.714912414551,100.510559082031,100.761337280273,98.7523880004883,100.195686340332,99.4838409423828,101.538642883301,98.2856140136719,104.583457946777,110.772537231445,108.72053527832,106.442291259766,106.067832946777,107.52417755127,105.219253540039,103.938758850098,104.211196899414,102.370307922363,102.089614868164,101.527946472168,100.762992858887
IDA only,39.8793296813965,40.9673881530762,40.967601776123,41.9160804748535,41.8418807983398,42.3478507995605,43.2541618347168,43.4570693969727,43.8286018371582,45.2606887817383,46.0646705627441,47.8492202758789,49.6171607971191,51.4406204223633,52.7432594299316,55.6976013183594,57.7329597473145,58.9329605102539,60.9820098876953,64.8908996582031,66.1190719604492,67.3236999511719,68.8844223022461,68.3697509765625,69.3843994140625,70.1231079101562,71.3794403076172,72.4548873901367,73.5212478637695,73.4721374511719,73.8642578125,74.4431991577148,73.4152679443359,
Isle of Man,,,,,,,,,,,,,,,,,,,,,,,,,,,,,,,,,,
India,,,,,,63.1128883361816,,,,60.5212287902832,63.2111511230469,68.7779693603516,71.1930465698242,79.4077987670898,,,,,98.262451171875,99.8587799072266,,96.0148086547852,,98.6330413818359,100.402458190918,101.343055725098,100.531929016113,99.6020889282227,,97.2928695678711,99.0501480102539,99.6446990966797,,93.6491317749023
Not classified,,,,,,,,,,,,,,,,,,,,,,,,,,,,,,,,,,
Ireland,,,99.6202621459961,102.861747741699,103.648513793945,105.186576843262,,,98.5563125610352,97.6988983154297,96.4550399780273,94.9760665893555,95.0243911743164,95.333740234375,96.7871170043945,95.5477676391602,,,,,,,,99.517707824707,100.587059020996,99.315559387207,100.431343078613,99.4178924560547,97.204719543457,102.421546936035,99.8786697387695,99.205192565918,98.0181427001953,
"Iran, Islamic Rep.",80.8608474731445,84.286376953125,88.1600875854492,90.9516525268555,90.6412200927734,94.7074432373047,,93.9185028076172,,,92.3347702026367,94.624382019043,91.6623306274414,86.8864822387695,103.806282043457,115.477478027344,103.437278747559,102.265403747559,105.562309265137,107.22908782959,106.146430969238,104.619087219238,101.875770568848,,,98.8369903564453,98.0736770629883,95.7746734619141,,92.4114074707031,97.4245681762695,,,
Iraq,,,,55.3473014831543,,,,,,50.0989608764648,48.7077407836914,,,,60.9578018188477,,,53.2722396850586,,,,,,,,,,,,,,,,
Iceland,,,,,,,,,98.97802734375,98.5714263916016,99.5386962890625,98.5513763427734,98.6824188232422,98.6475067138672,98.5341262817383,98.7432708740234,98.633056640625,98.8753890991211,99.1635665893555,98.2782135009766,99.2388229370117,99.0023803710938,99.2070922851562,99.0295715332031,98.244758605957,99.2618103027344,99.8094329833984,98.8909378051758,98.4112091064453,99.6398010253906,98.147331237793,98.491828918457,99.2326278686523,
Israel,,,,,,,,,,,,,96.6890106201172,96.9427490234375,98.179069519043,94.7952880859375,94.8661422729492,96.6086120605469,93.7795028686523,99.745719909668,96.2973937988281,96.057746887207,99.3790130615234,95.9060897827148,95.2189483642578,99.5506134033203,94.9467163085938,99.7233581542969,95.2465209960938,94.4649810791016,99.2558517456055,95.2168426513672,95.1920471191406,
Italy,103.974647521973,101.520408630371,102.330406188965,,105.543586730957,101.342086791992,102.228698730469,101.29768371582,,101.003242492676,101.39183807373,101.413238525391,99.8673706054688,100.151611328125,102.566192626953,102.249183654785,101.877700805664,102.61515045166,105.560791015625,101.332000732422,101.231552124023,100.637916564941,98.949462890625,99.6321487426758,99.2400283813477,98.9582595825195,98.3386306762695,99.6137771606445,98.6625671386719,97.9685974121094,98.5968322753906,97.6851272583008,96.9419174194336,
Jamaica,95.476676940918,93.4983367919922,,88.6645889282227,,,,,,,83.6994323730469,79.887580871582,88.2512130737305,,82.8162689208984,,,84.1612319946289,,82.0478210449219,88.368293762207,88.0175094604492,105.140571594238,98.81298828125,93.4370422363281,90.770637512207,87.4463882446289,90.5855178833008,84.9745483398438,89.6082305908203,74.862678527832,,,80.1823196411133
Jordan,89.8780517578125,93.9301223754883,95.8501434326172,97.8165130615234,101.832801818848,,98.1959533691406,,,92.9776306152344,89.0031890869141,,85.5434875488281,88.8279113769531,89.9772491455078,94.8951416015625,94.4484710693359,97.1392288208008,94.9107666015625,,,85.2825164794922,,89.203971862793,94.4671478271484,,94.8538284301758,94.0446701049805,95.0934295654297,96.3266983032227,97.0451812744141,96.1706695556641,95.5061111450195,97.6425628662109
Japan,104.282127380371,105.491119384766,105.563278198242,,105.409591674805,,,,107.479202270508,104.634902954102,,,,,,,,,,,,,,,,,,,,,,,,
Kazakhstan,,,,,98.0030212402344,94.5665969848633,,,,,92.5784530639648,93.4849090576172,94.7328033447266,95.6309509277344,101.569236755371,101.239181518555,98.9472808837891,98.6941299438477,102.285461425781,99.8015670776367,101.353538513184,107.263404846191,102.429992675781,101.683074951172,102.34716796875,100.445777893066,98.8053665161133,99.815788269043,102.197532653809,98.5701675415039,100.097038269043,96.8356781005859,103.727104187012,105.608757019043
Kenya,,,,,,,,,,,,,,,84.3051528930664,86.5268478393555,,,,,,,,,99.8065185546875,102.034477233887,102.507286071777,,,,,,,
Kyrgyz Republic,,,,,,,,,,87.3742980957031,87.9374694824219,87.1970062255859,87.2783432006836,86.1999130249023,91.7661285400391,97.1279373168945,96.6972885131836,93.6884536743164,94.4751434326172,97.3147506713867,95.8242111206055,95.217658996582,94.4852447509766,96.0038070678711,97.8817596435547,102.424827575684,98.0748672485352,96.1550064086914,98.1222152709961,100.60376739502,100.377372741699,95.8569869995117,93.6548156738281,92.2908325195312
Cambodia,,,,,,,,13.3870801925659,28.0063495635986,37.4893417358398,,48.0406913757324,57.4707908630371,64.9735412597656,78.6943969726562,91.8041687011719,96.9684600830078,98.2570571899414,95.7085876464844,98.1406631469727,89.4502487182617,89.4998321533203,95.9368515014648,90.9454116821289,94.8967208862305,94.4543304443359,92.810791015625,91.6837692260742,91.3300476074219,96.0121536254883,99.224609375,98.9710464477539,93.7322311401367,92.6601943969727
Kiribati,105.269920349121,113.664596557617,101.366737365723,101.355926513672,,107.903060913086,117.55647277832,122.885566711426,,100.834106445312,90.1924819946289,111.39241027832,106.564750671387,106.643051147461,111.842109680176,109.375,104.680847167969,98.9229507446289,105.212509155273,,,,,,106.087738037109,94.0,102.096069335938,,,,94.5126419067383,98.2517471313477,102.849388122559,105.851409912109
St. Kitts and Nevis,,,106.126907348633,,,,,,,,106.086959838867,104.338386535645,106.950668334961,90.092170715332,112.705879211426,108.851669311523,,101.22248840332,93.9024429321289,107.26392364502,102.179176330566,113.285018920898,111.838790893555,117.473121643066,111.977722167969,116.61808013916,110.030403137207,,,,,130.06135559082,,
"Korea, Rep.",98.1909713745117,89.8290328979492,97.2919082641602,96.6879196166992,104.082527160645,108.182250976562,,100.389472961426,98.5364379882812,99.8924865722656,101.46826171875,99.7045364379883,95.2233810424805,100.668640136719,100.65869140625,98.8795623779297,98.8077926635742,100.307983398438,99.4192733764648,101.741523742676,101.787292480469,97.5890502929688,101.632278442383,104.387718200684,97.5733108520508,100.243797302246,103.490982055664,97.7335815429688,96.4279479980469,99.9123611450195,101.17008972168,98.4674987792969,95.6410064697266,
Kuwait,,,62.5970916748047,,82.7826385498047,78.9440536499023,90.2312088012695,85.7822875976562,,89.3310012817383,95.1898727416992,87.8868713378906,95.707160949707,103.734191894531,105.039596557617,111.934448242188,,109.52433013916,,,101.903877258301,101.613151550293,96.8556518554688,96.5239410400391,,,,,,,,,,
Latin America & Caribbean (excluding high income),86.5535583496094,86.8146591186523,89.2050399780273,89.1008987426758,88.417610168457,89.1287078857422,89.6499862670898,90.5192337036133,91.5453262329102,92.1227035522461,92.4189529418945,92.3656616210938,93.4858932495117,93.9548721313477,94.6843109130859,95.3630676269531,96.2408828735352,97.3339920043945,97.480842590332,97.941780090332,98.4946212768555,98.4365692138672,99.3183288574219,99.0997467041016,99.4013671875,97.9023132324219,97.6137771606445,96.9399719238281,95.9664306640625,95.7807769775391,96.2467498779297,96.6853485107422,96.4456100463867,96.6085433959961
Lao PDR,,,34.906421661377,37.8013191223145,40.9936904907227,,48.6978912353516,51.085750579834,56.4424896240234,61.8406600952148,61.2926788330078,62.3877601623535,64.0146102905273,64.3961334228516,65.5049667358398,69.1435394287109,71.6786575317383,74.6679763793945,77.0308380126953,78.1785888671875,81.8056488037109,86.4092407226562,90.7065124511719,96.5867767333984,99.1816635131836,99.8945388793945,98.5069885253906,100.142517089844,97.3039016723633,93.198600769043,90.2502365112305,90.620246887207,89.105339050293,90.4757995605469
Lebanon,,,,,,,,,69.9054489135742,,,,,,,,,,,,,,,,,,,,,,,,,69.677116394043
Liberia,,,,,,,,,,,,,,,,,57.5583686828613,,53.3350982666016,52.5697593688965,,57.9323844909668,,,52.7692184448242,,59.9497489929199,54.4417762756348,,,,59.6626853942871,59.3524589538574,
Libya,,,,,,,,,,,,,,,,,,,,,,,,,,,,,,,,,,
St. Lucia,107.671226501465,96.777717590332,,100.71272277832,,,,,,,,,111.281753540039,107.061637878418,105.454551696777,100.365631103516,108.155807495117,102.126373291016,99.8752288818359,97.2602691650391,93.5153579711914,95.9704513549805,97.0926284790039,96.0516891479492,97.7046737670898,,89.8894195556641,89.4354782104492,89.882942199707,91.0865936279297,95.8754196166992,,107.286666870117,89.6551666259766
Latin America & Caribbean,86.7392807006836,87.0996017456055,89.4147491455078,89.2747268676758,88.5983428955078,89.1858901977539,89.636962890625,90.4116897583008,91.3440399169922,91.8989562988281,92.2466583251953,92.2294616699219,93.5448379516602,93.8244018554688,94.5299835205078,95.2767868041992,96.2425689697266,97.3503875732422,97.3328323364258,97.739501953125,98.1039581298828,98.1638488769531,99.0941009521484,98.8760299682617,99.1889419555664,97.7455673217773,97.3012771606445,96.4760971069336,95.7966613769531,95.7654495239258,96.3762969970703,96.9974822998047,96.9775695800781,96.6441116333008
Least developed countries: UN classification,35.4412384033203,36.5053215026855,36.3245315551758,37.5836982727051,37.3754997253418,38.0276107788086,39.0667915344238,39.5195503234863,39.8379592895508,41.2161903381348,42.0851211547852,43.98046875,45.8087501525879,47.6045799255371,49.347240447998,52.2659187316895,54.4616088867188,55.8100700378418,57.9655303955078,62.1970481872559,63.2480506896973,64.3889312744141,65.8340911865234,66.7091369628906,67.9472427368164,68.5113296508789,69.949592590332,71.1017074584961,72.2276000976562,72.1244430541992,72.5380706787109,73.2835388183594,,
Low income,34.625171661377,35.1511116027832,34.9187812805176,35.4835090637207,34.4653015136719,34.5332107543945,35.3618316650391,35.1249885559082,35.0713005065918,35.3265190124512,36.1120681762695,37.8594284057617,39.337760925293,41.6206817626953,43.0027885437012,46.2260513305664,48.1602516174316,49.5374717712402,52.525390625,56.3498611450195,57.2126083374023,56.7220497131348,57.7954406738281,57.2267608642578,58.6895790100098,59.4333114624023,60.708080291748,61.5359497070312,62.5043601989746,63.0086784362793,63.6608505249023,64.7754898071289,63.9194488525391,63.0121803283691
Liechtenstein,,,,,,,,,,,,,,97.5369491577148,103.864730834961,101.843322753906,109.139778137207,103.196350097656,101.449279785156,96.8325805664062,106.635070800781,100.460830688477,98.9743576049805,,84.4559631347656,112.5,103.092781066895,84.7715682983398,111.170211791992,95.4545516967773,100.0,94.7089920043945,,
Sri Lanka,93.9416580200195,96.7539901733398,96.1730270385742,,,,,,98.6638412475586,,,103.125717163086,105.826469421387,100.688629150391,,97.0059432983398,97.4106674194336,95.2116012573242,91.6978988647461,91.3257827758789,96.5194320678711,95.8545608520508,94.8554306030273,95.4804534912109,95.0256271362305,94.7861785888672,95.7513809204102,97.0844039916992,,95.9360961914062,96.3230743408203,98.2793197631836,97.1533813476562,
Lower middle income,58.2245292663574,59.2366981506348,60.0853118896484,61.2258186340332,62.3340301513672,63.4557189941406,63.4434509277344,63.4108581542969,63.443000793457,63.8291702270508,65.6334686279297,69.1613235473633,70.2335433959961,74.1806106567383,76.0564193725586,78.3733062744141,80.7594909667969,82.3413772583008,83.8332901000977,85.5877532958984,85.4324798583984,85.0324096679688,86.6050415039062,87.0652694702148,88.2269515991211,88.7157592773438,88.7261810302734,88.6768798828125,88.4423294067383,88.3746566772461,89.2415771484375,89.4602813720703,95.4422836303711,86.9558029174805
Low & middle income,73.7872619628906,73.1444625854492,72.3823471069336,72.7775726318359,72.3887405395508,74.3062515258789,73.5923233032227,73.8839874267578,74.5384063720703,75.2130279541016,76.0781631469727,78.5754013061523,79.0696334838867,79.8364334106445,80.662956237793,81.881103515625,82.4427108764648,84.075813293457,86.4538269042969,87.7353820800781,87.5217514038086,86.7765426635742,87.1707382202148,87.3175506591797,86.9698791503906,86.6248321533203,87.5131378173828,87.3195495605469,87.3636093139648,87.3318862915039,87.5092697143555,88.2250289916992,90.8694381713867,86.4489593505859
Lesotho,70.8085098266602,71.7037124633789,73.4929122924805,72.8721237182617,74.8521728515625,77.0347671508789,72.6080780029297,71.2771301269531,71.1675491333008,68.3478927612305,66.799919128418,68.7708587646484,71.6834335327148,74.575813293457,78.4877014160156,75.347900390625,97.9061126708984,92.2036590576172,88.5574722290039,88.6577529907227,89.7247924804688,88.7606582641602,88.9312286376953,90.7783889770508,89.1511306762695,87.8156967163086,88.3686599731445,,,87.6429901123047,81.4566268920898,87.7769546508789,79.316032409668,75.7191162109375
Late-demographic dividend,,,,,,92.5816116333008,90.3170928955078,91.4330673217773,92.8354034423828,94.3213577270508,95.757568359375,97.6238327026367,96.7975997924805,95.7741165161133,95.1918334960938,94.4690628051758,94.1734085083008,96.6195983886719,101.533996582031,101.835807800293,101.358367919922,99.4925537109375,96.9277114868164,97.1661224365234,93.9179611206055,92.1258392333984,93.9112014770508,95.6936492919922,96.6914596557617,96.5188598632812,94.6184387207031,96.3642807006836,96.4863967895508,
Lithuania,,,,,,87.9155731201172,91.5549697875977,91.3478317260742,,94.9051666259766,101.794471740723,102.269371032715,102.437591552734,100.681869506836,102.537841796875,101.619346618652,102.728179931641,103.874008178711,98.3291931152344,97.9736175537109,99.4632797241211,97.7761535644531,100.548538208008,101.402122497559,100.86499786377,100.253807067871,100.626640319824,101.611137390137,103.450973510742,110.029922485352,108.439598083496,99.4484710693359,100.331886291504,
Luxembourg,,,,,,,,,,,,,,,,,,,,,89.5906829833984,84.543098449707,85.4717636108398,84.7518920898438,83.8280487060547,82.6281433105469,81.5573806762695,82.5550384521484,75.9135665893555,79.213996887207,79.2338104248047,79.0376968383789,78.0098571777344,
Latvia,,,,,,,,,,97.8280181884766,98.8465270996094,100.171989440918,99.3180618286133,99.7133483886719,103.557540893555,101.553329467773,102.725257873535,100.0,101.489807128906,99.0904006958008,100.304412841797,98.9833831787109,98.4945983886719,98.7562713623047,99.9205932617188,101.067176818848,97.9887924194336,99.0070037841797,99.1960220336914,98.6389007568359,98.9471664428711,98.020637512207,98.5237579345703,
"Macao SAR, China",101.53540802002,,101.623237609863,93.0386734008789,,,,,,91.91748046875,98.1333312988281,100.301132202148,104.552757263184,99.6689682006836,102.153846740723,94.7566604614258,97.1726226806641,90.8011016845703,92.2702178955078,91.5073471069336,97.2244567871094,97.8867263793945,99.6203079223633,98.684211730957,94.4736785888672,99.7058792114258,90.8421096801758,115.823532104492,100.571426391602,91.3600006103516,90.3846206665039,96.038459777832,93.7777786254883,92.1999969482422
St. Martin (French part),,,,,,,,,,,,,,,,,,,,,,,,,,,,,,,,,,
Morocco,40.1801605224609,37.3301086425781,36.8301200866699,37.5886001586914,38.0644989013672,39.8862800598145,42.0687408447266,44.1624794006348,46.1988906860352,48.8564186096191,52.053581237793,54.7589416503906,56.9703598022461,62.6240310668945,71.2673263549805,76.9296112060547,80.6806488037109,80.3764495849609,78.4561996459961,76.7551498413086,80.4302825927734,85.4813919067383,94.5477905273438,93.8393478393555,94.8375625610352,94.7405624389648,93.5055084228516,91.69384765625,91.8396530151367,94.5314865112305,97.1926498413086,99.9011917114258,102.356292724609,105.734428405762
Monaco,,120.3125,119.696968078613,,,,,,,,,,,,,,,,,,,,,,,,162.043792724609,,,,,,,
Moldova,,,,,,,,,,,,,,,,,,,,,,,,,109.702301025391,106.488296508789,106.206176757812,106.795669555664,101.095443725586,99.7059173583984,104.061859130859,,,
Madagascar,34.6869812011719,33.7608909606934,30.6049900054932,31.8837394714355,29.679630279541,28.3106002807617,29.752799987793,,29.5909595489502,32.8090400695801,35.5633888244629,35.1886787414551,35.1538505554199,38.8538284301758,44.6912002563477,55.7362899780273,54.5367393493652,58.7707786560059,65.5713729858398,73.1989288330078,70.5915069580078,71.6953277587891,70.3428802490234,69.6865539550781,69.7999649047852,69.9765090942383,68.4594421386719,67.7796020507812,65.8189315795898,63.3281059265137,61.7512245178223,65.6064453125,61.9772529602051,63.2506561279297
Maldives,,,,,,,,118.501983642578,,,,,,,,133.54133605957,124.791831970215,,107.213500976562,108.303031921387,100.608779907227,101.049423217773,94.088493347168,87.8597793579102,93.5287399291992,91.9249877929688,95.571533203125,92.9592971801758,95.9162292480469,94.8936157226562,,,101.471817016602,98.1563034057617
Middle East & North Africa,66.9838562011719,68.3277816772461,70.1217727661133,71.3008499145508,72.0399017333984,74.0943298339844,75.0282669067383,75.7149887084961,76.6098098754883,77.5942611694336,77.5183715820312,79.1253967285156,79.4509811401367,79.5920333862305,84.3460388183594,86.6231689453125,83.1661376953125,84.696159362793,86.1440582275391,86.1172485351562,87.7125778198242,88.2385635375977,89.4704513549805,84.9791717529297,85.0555801391602,84.0947418212891,83.6566314697266,83.367919921875,84.0990524291992,84.1249313354492,86.0574035644531,86.1644973754883,87.7006530761719,89.0834274291992
Mexico,,,,91.8594589233398,93.1702728271484,96.5328903198242,97.4300689697266,96.8732299804688,,97.58544921875,96.616828918457,97.6611328125,99.1934127807617,98.7327575683594,100.590347290039,101.39624786377,101.49080657959,102.35466003418,101.726852416992,100.034240722656,100.476837158203,100.323883056641,107.067398071289,110.626243591309,111.767150878906,106.059028625488,104.65299987793,104.386100769043,102.486167907715,102.865982055664,103.161361694336,103.073928833008,102.46614074707,
Marshall Islands,,,,,,,,,,87.5843505859375,,,105.809127807617,80.8450698852539,,80.2147216796875,89.7356109619141,94.7702102661133,91.8530426025391,93.4713363647461,,91.8181762695312,,,,,100.359069824219,,,118.737266540527,114.853561401367,108.350730895996,99.5689697265625,
Middle income,77.2556915283203,76.4899291992188,75.6761474609375,76.0546569824219,75.7179794311523,77.9274368286133,77.0852737426758,77.4849395751953,78.2345504760742,79.0218200683594,80.0587463378906,82.7489700317383,83.1878204345703,84.1444931030273,85.121337890625,86.2532806396484,86.7978134155273,88.6255416870117,91.0778198242188,92.1205291748047,91.8626937866211,91.1854629516602,91.520378112793,91.90673828125,91.3733520507812,90.9635772705078,91.8721237182617,91.6018524169922,91.5599365234375,91.5059967041016,91.6581802368164,92.3400192260742,95.6694488525391,90.7044830322266
North Macedonia,,,,,,91.618278503418,92.6221923828125,94.4604721069336,,97.2848968505859,101.09529876709,100.100051879883,100.480583190918,95.177001953125,97.7605285644531,95.7987823486328,95.2186279296875,94.498291015625,99.0153732299805,95.7110595703125,,,,97.755859375,95.4565582275391,96.7422866821289,,93.5531692504883,93.9877471923828,91.0116424560547,90.4162216186523,91.8233032226562,93.592529296875,
Mali,,,,,,,,,,,22.0621700286865,24.1266307830811,26.3018493652344,29.1832695007324,30.6570796966553,32.3471412658691,37.080150604248,39.7861785888672,43.8920288085938,46.339038848877,49.3796691894531,50.1256217956543,47.5817108154297,,47.4369087219238,45.7225608825684,45.4761581420898,44.5038299560547,,,,,,48.3804016113281
Malta,101.067237854004,101.875228881836,104.751457214355,104.49983215332,105.5595703125,100.0,106.762367248535,97.9328231811523,100.608657836914,98.5876693725586,104.937828063965,102.642059326172,102.448829650879,100.969429016113,102.604583740234,102.419692993164,102.935096740723,99.5780563354492,102.332748413086,94.7438812255859,101.068283081055,98.9100799560547,97.3985366821289,100.372543334961,100.890213012695,100.051887512207,99.6459274291992,99.4823989868164,100.151672363281,97.6443405151367,96.2550201416016,98.4979476928711,94.7952194213867,
Myanmar,,,,,,,,,,73.2126693725586,78.5746688842773,78.3747711181641,79.0724334716797,81.0602416992188,83.3767700195312,,,94.5111923217773,94.9566497802734,95.4346618652344,97.8217163085938,,,,,,,,105.002029418945,,,,,
Middle East & North Africa (excluding high income),67.3531723022461,68.6634979248047,70.5270385742188,71.6416397094727,72.2595520019531,74.3664779663086,75.1970825195312,75.807373046875,76.6140289306641,77.5192565917969,77.2257690429688,78.8083267211914,78.9833679199219,78.9533081054688,84.0407028198242,86.4281463623047,82.4281234741211,83.9832992553711,85.7137603759766,84.629150390625,85.3264694213867,85.6830291748047,86.5596618652344,83.6310577392578,83.3340530395508,82.5633773803711,82.1388778686523,81.6139907836914,82.4776992797852,82.7863082885742,85.0803833007812,85.2052383422852,85.3509292602539,
Montenegro,,,,,,,,,,,,,,,,,,,,,,73.4010162353516,96.8624496459961,,,99.6657409667969,97.2690277099609,98.412239074707,100.65064239502,97.8989410400391,101.265159606934,99.3182983398438,109.610778808594,108.663726806641
Mongolia,,,,,,74.5935516357422,79.9961471557617,78.6556701660156,89.0168228149414,87.9422225952148,89.1187286376953,93.4867172241211,97.8605575561523,101.284591674805,99.4696426391602,100.293327331543,,,,,,,,,,99.9488220214844,97.543830871582,93.2836151123047,98.447868347168,96.809211730957,97.6434631347656,91.3796768188477,95.5774993896484,96.0227584838867
Northern Mariana Islands,,,,,,,,,,,,,,,,,,,,,,,,,,,,,,,,,,
Mozambique,23.629919052124,24.0426006317139,22.4915904998779,22.5580406188965,21.9918804168701,21.2910594940186,,,,11.3278102874756,12.8498001098633,14.7311601638794,17.5956592559814,,24.229679107666,34.8855400085449,34.6862182617188,39.5261993408203,52.273380279541,50.6257209777832,54.9852409362793,51.542179107666,49.5489196777344,47.7433013916016,47.9269905090332,48.5884208679199,,46.6461601257324,51.7164688110352,54.412239074707,58.229679107666,,69.5232315063477,56.1578254699707
Mauritania,20.8687305450439,25.0867290496826,24.2343502044678,26.3722705841064,25.8545093536377,26.5046997070312,28.1897792816162,32.1105613708496,38.4946403503418,40.4377098083496,,41.0359382629395,39.6878318786621,,,38.8074493408203,40.0034103393555,50.9569091796875,,67.1725234985352,,,67.3941268920898,69.2242202758789,66.1698608398438,67.0299224853516,,65.600212097168,72.1120223999023,72.4312210083008,,,,
Mauritius,100.73420715332,101.565628051758,101.290092468262,96.8776397705078,95.4843826293945,94.482063293457,93.5227279663086,92.1741790771484,98.1087188720703,100.755668640137,100.566848754883,102.440658569336,98.7325286865234,99.8901824951172,96.1125564575195,97.9686813354492,93.1926193237305,98.2748184204102,94.4911422729492,94.1617965698242,100.731857299805,97.8168182373047,94.0287780761719,98.4786529541016,93.044548034668,98.2494125366211,95.0277404785156,92.2343521118164,97.39013671875,93.7951278686523,92.1427688598633,94.9145812988281,,89.8741302490234
Malawi,25.3008899688721,27.4751892089844,30.1436500549316,29.9740390777588,32.2430191040039,43.5127983093262,52.8983192443848,,,63.5181198120117,62.1462707519531,65.9078369140625,68.2146987915039,,60.8752899169922,61.2389297485352,61.6938896179199,62.5449104309082,67.0817184448242,69.0600280761719,68.7801132202148,70.477165222168,72.5350646972656,76.9215698242188,76.3059539794922,,,,,79.8412704467773,,74.5922546386719,,73.0023651123047
Malaysia,95.8981475830078,97.8236923217773,,100.11824798584,,,,,102.641273498535,99.8776016235352,106.580932617188,,94.0592269897461,91.7322998046875,93.678108215332,97.1793365478516,96.0750274658203,96.7937393188477,100.492401123047,102.538513183594,99.2281723022461,100.582717895508,106.937469482422,102.1865234375,100.989418029785,100.279800415039,97.1600570678711,94.8927383422852,93.2963485717773,94.5649871826172,101.045928955078,103.115821838379,96.3272094726562,100.035461425781
North America,,,,,,,,,,99.5290069580078,99.5812225341797,99.4432678222656,99.3096771240234,99.1716079711914,99.0344009399414,98.8980178833008,98.7611312866211,98.6253204345703,98.4897232055664,98.3537063598633,98.2172775268555,98.0788726806641,97.9402770996094,97.8063735961914,97.6691436767578,97.5339584350586,97.3981018066406,97.2628631591797,95.7231979370117,102.892532348633,101.367317199707,100.099769592285,94.4602890014648,94.4518737792969
Namibia,,,85.7434005737305,,81.4880599975586,,,,107.68229675293,104.296012878418,99.7009201049805,98.5613708496094,97.6092910766602,95.4762725830078,83.2178268432617,83.5156326293945,82.7005615234375,,83.4431762695312,91.2709274291992,90.9465408325195,,93.7897796630859,94.4470825195312,,,,,102.177391052246,,,,,
New Caledonia,100.222473144531,,,,,,,,,,,,,,,,,,,,,,,,,,,,,,,,,
Niger,10.7097597122192,12.4342699050903,12.7436800003052,12.1040201187134,,9.53507995605469,13.5936498641968,13.18869972229,13.8540802001953,14.2259397506714,14.2043199539185,14.8760499954224,16.3940200805664,16.2436008453369,20.4158897399902,22.5133094787598,24.9605598449707,30.2002906799316,30.0025100708008,31.8482494354248,33.1415100097656,36.8049812316895,40.7325401306152,43.7553405761719,52.6606292724609,63.8748207092285,67.8777923583984,60.8971900939941,,60.162540435791,51.130802154541,57.4026184082031,50.3183403015137,46.7723808288574
Nigeria,,,,,,,,,,,74.9183502197266,,,,71.2053375244141,73.734733581543,78.3840789794922,69.7316207885742,62.5656890869141,67.2041091918945,68.037109375,,,,,,,,,,,,,
Nicaragua,,,,52.4470596313477,57.7149810791016,52.9591407775879,,,,67.9401702880859,67.6256332397461,68.9516830444336,75.9323272705078,74.9720611572266,75.5268630981445,78.8518295288086,77.9877777099609,78.314567565918,77.5100936889648,,81.4674911499023,,,,,,,,,,,,81.8785629272461,
Netherlands,,,,,,,,,,,,,,,,,,,,,,,,,,,,,,,,,,
Norway,99.9920806884766,99.5588912963867,99.1414566040039,98.353157043457,,,,,99.9766387939453,99.4097290039062,99.2122268676758,99.4872512817383,99.3367462158203,98.8061218261719,99.5179214477539,99.5837173461914,99.8547973632812,99.661018371582,99.9444885253906,100.093070983887,99.6258087158203,99.847900390625,100.379432678223,99.632209777832,99.9429473876953,99.1682510375977,99.20703125,99.4237289428711,99.4349670410156,99.2922515869141,99.3518295288086,99.248893737793,99.2002487182617,
Nepal,,,40.585750579834,,,,,,,52.2584991455078,54.6829490661621,56.4452209472656,60.8652610778809,62.2289886474609,63.0786781311035,67.9391632080078,71.9514617919922,,78.9188613891602,,,,109.120979309082,108.058212280273,111.544548034668,115.103309631348,121.674247741699,125.406112670898,,123.141761779785,,96.3342819213867,95.0081787109375,113.848510742188
Nauru,,,,,,,,,,,,90.8333282470703,,,,,,90.2654876708984,,,,,101.886787414551,,100.0,,123.076919555664,,,99.21875,97.7443618774414,,,113.636360168457
New Zealand,,,,,,,,,,,,,,,,,,,,,,,,,,,,,,,,,,
OECD members,96.7985534667969,96.0536575317383,97.7490692138672,97.452278137207,97.8463897705078,98.2569198608398,98.40087890625,98.4694519042969,98.6015625,98.7261962890625,98.6180114746094,98.9809112548828,98.8091506958008,99.063850402832,99.6474990844727,100.056106567383,100.055076599121,100.366226196289,100.240058898926,100.353889465332,100.192680358887,100.134521484375,100.712669372559,100.892890930176,100.394912719727,99.7435607910156,102.240768432617,99.0711898803711,97.7426376342773,100.37890625,100.12947845459,100.028907775879,98.0682525634766,98.052978515625
Oman,65.4687423706055,,70.291389465332,,71.5127487182617,74.4410629272461,77.8498916625977,79.8224182128906,80.076057434082,81.1139221191406,81.8151473999023,82.8384017944336,83.1521682739258,86.6912231445312,,,,,,94.2161331176758,,117.175003051758,108.042068481445,102.749130249023,104.243949890137,98.8685531616211,101.240951538086,107.249137878418,97.4994506835938,99.146728515625,92.3473587036133,88.9595413208008,86.8265228271484,94.3437728881836
Other small states,69.6016082763672,69.6198196411133,69.5395126342773,68.5782012939453,69.2240676879883,69.4522705078125,70.8923416137695,71.917610168457,74.6431198120117,75.3264770507812,75.2461318969727,76.004768371582,76.6673812866211,77.439567565918,76.787971496582,77.043586730957,79.2712707519531,79.3165817260742,80.5872116088867,81.2353363037109,82.1845321655273,81.9885025024414,82.889778137207,83.4674835205078,83.5259780883789,84.1488037109375,83.9525833129883,83.9884796142578,84.4856414794922,84.3466873168945,84.2902603149414,83.7738265991211,83.4946899414062,82.8946228027344
Pakistan,,,,,,,,,,,,,,,,45.411319732666,45.9287910461426,47.6778106689453,47.1377410888672,47.0600509643555,49.6567802429199,47.473949432373,50.4078102111816,50.6035537719727,51.1454124450684,,51.8511848449707,,55.6596336364746,58.3580322265625,,62.7413139343262,63.1928329467773,
Panama,,,,,,,,,,89.0040130615234,90.8462371826172,91.0531921386719,91.6237869262695,,93.529411315918,93.1492919921875,91.4949188232422,96.6411209106445,99.9722518920898,99.8504333496094,96.0448379516602,100.044921875,101.795478820801,99.9764175415039,96.1684799194336,,,89.2775268554688,,86.6181869506836,86.944450378418,94.2257308959961,92.8931427001953,92.7200775146484
Peru,,,,81.9092636108398,,83.9403762817383,,,91.4654312133789,96.7902069091797,95.2221069335938,91.2811737060547,91.5729827880859,97.0082092285156,97.498176574707,98.0720367431641,99.5496368408203,102.403839111328,101.968971252441,99.9210586547852,102.534309387207,99.9561767578125,94.2466812133789,97.6602172851562,98.6881790161133,101.011863708496,101.513496398926,91.4476928710938,89.1649780273438,90.8140563964844,,102.313621520996,102.428092956543,103.88981628418
Philippines,,,,,,,,,91.2157211303711,91.172721862793,,106.476402282715,98.4674911499023,98.8310699462891,96.5540237426758,96.9127807617188,93.8569488525391,92.5579376220703,94.8366088867188,94.7147521972656,,,,,100.216209411621,,,105.964576721191,109.831130981445,101.571479797363,99.6116104125977,92.8145294189453,89.1393508911133,80.8768997192383
Palau,,,,,,,,,,,88.2352905273438,,,,,,,,,,,,,117.757011413574,95.5357131958008,,,,,,,98.3871002197266,82.2580642700195,82.2033920288086
Papua New Guinea,49.1006889343262,47.2576293945312,46.741771697998,,51.5655097961426,51.1052398681641,50.0611915588379,47.9170799255371,46.9942016601562,,49.0044097900391,48.9475898742676,49.0859985351562,51.3609199523926,,,,,,,,,,,66.2725677490234,,69.6640472412109,,,,,,,
Poland,,,,,,,,,,,,,,,,,,,,96.7333679199219,97.0186920166016,96.8002090454102,96.5579681396484,96.1321792602539,96.2034530639648,99.9403076171875,101.264251708984,106.823669433594,93.8408889770508,94.2923431396484,,,98.0514526367188,
Pre-demographic dividend,47.0198707580566,47.8658294677734,47.226619720459,48.3050003051758,47.5329895019531,47.6671104431152,48.2310485839844,48.2335090637207,47.7463188171387,48.4931411743164,48.425479888916,49.6765289306641,50.5373802185059,51.2245483398438,52.1448516845703,53.7357215881348,56.3211898803711,56.3223114013672,57.6375694274902,61.2820510864258,61.311580657959,61.572940826416,62.2626113891602,62.8138885498047,63.436351776123,63.9019813537598,64.6804428100586,65.0952301025391,65.7257080078125,65.7138977050781,66.3134994506836,67.2848663330078,66.4856872558594,
Puerto Rico,,,,,,,,,,,,,,,,,,,,,,,,,,91.9832305908203,,,88.1743011474609,,,,,64.5083465576172
"Korea, Dem. People's Rep.",,,,,,,,,,,,,,,,,,,,98.7829284667969,,,,,,,,,,,,,,
Portugal,,,,,,,,,,,,,,,,,,,,,,,,,,,,,99.2478179931641,100.432647705078,101.672523498535,102.415283203125,103.80606842041,
Paraguay,70.686637878418,76.1373672485352,76.6825332641602,83.9317321777344,82.5686874389648,84.0955200195312,87.2332000732422,,97.3943099975586,93.8209991455078,95.2229385375977,95.4439697265625,96.1747970581055,98.4124984741211,97.9446487426758,99.2584381103516,98.7259292602539,100.708671569824,101.568519592285,102.620147705078,100.511901855469,96.586051940918,95.3946914672852,,,,95.9818878173828,,,,82.4103012084961,,85.7778396606445,89.8075790405273
West Bank and Gaza,,,,,,82.4340286254883,82.5382080078125,82.3818283081055,,92.2908630371094,93.9003524780273,97.1079635620117,94.9698028564453,100.379669189453,94.1601867675781,96.0523986816406,,89.5066909790039,89.3634185791016,90.9615783691406,93.3843383789062,91.8269271850586,88.2993698120117,92.8011093139648,93.6858673095703,93.9248123168945,93.3391189575195,98.015998840332,94.8709335327148,94.3053131103516,97.7254104614258,94.0628814697266,94.0498428344727,90.8064880371094
Pacific island small states,87.2964096069336,88.1990585327148,87.8038635253906,88.3316116333008,88.0394134521484,89.0104293823242,88.7079696655273,89.6227874755859,91.0550003051758,87.813720703125,86.2134094238281,90.0601119995117,91.0419235229492,90.8274765014648,90.8701324462891,91.5895004272461,91.5722122192383,91.102897644043,90.4154891967773,91.1575088500977,92.1405487060547,92.6416015625,93.0635986328125,93.1118621826172,94.1819763183594,95.9639663696289,95.5971984863281,96.0759429931641,95.3524398803711,95.7290191650391,94.0576400756836,94.9728469848633,,
Post-demographic dividend,99.3677062988281,99.0907516479492,98.9592437744141,98.805778503418,99.2052917480469,99.3652801513672,99.338737487793,99.364128112793,99.4968109130859,99.4199829101562,99.1171188354492,99.7599487304688,99.6216201782227,99.7510070800781,100.027328491211,100.044692993164,99.3733825683594,99.5026016235352,99.2749481201172,99.2398376464844,99.0567092895508,98.850959777832,98.6776504516602,98.7539596557617,98.2079772949219,98.0858917236328,97.7538299560547,97.6299133300781,96.6527328491211,99.9110794067383,99.3245162963867,99.010856628418,96.507682800293,96.4928512573242
French Polynesia,,,,,,,,,,,,,,,,,,,,,,,,,,,,,,,,,,
Qatar,80.9416275024414,80.961181640625,78.2300872802734,75.4524917602539,74.8498077392578,72.2515869140625,59.8519706726074,,96.107292175293,96.5285797119141,,,,94.1225662231445,,90.5151977539062,91.0048294067383,94.2144622802734,96.8243179321289,100.426300048828,,99.7480697631836,,98.5061187744141,91.4301681518555,93.0517120361328,93.5009918212891,100.78125,100.71346282959,99.7229385375977,103.724006652832,90.4837493896484,95.5404586791992,
Romania,94.4898986816406,,,86.1649932861328,,,,,,96.176872253418,93.9313430786133,104.595748901367,101.176429748535,95.7113494873047,92.6247634887695,91.9802017211914,92.407341003418,,89.8406066894531,95.8681182861328,97.1769104003906,98.0623321533203,94.7104568481445,,,92.6963119506836,89.6089935302734,,87.9428329467773,87.4866790771484,86.7761383056641,88.502067565918,82.7013168334961,
Russian Federation,,,,,91.9281005859375,92.2047500610352,,,,,,,,,,,,,,,,,,,95.6619491577148,98.1233978271484,95.5871810913086,,99.3330001831055,99.675651550293,,,,
Rwanda,43.4273490905762,43.3386688232422,42.865478515625,,,,,,,24.2984294891357,19.4259204864502,24.489429473877,30.3770408630371,41.7730484008789,40.6290397644043,,,,54.7251281738281,75.6917190551758,79.9068298339844,,79.0543823242188,63.9888610839844,69.1375579833984,68.3224334716797,73.7337265014648,85.4486618041992,91.0225296020508,102.37190246582,,101.348167419434,,65.0630493164062
South Asia,52.0987014770508,53.5015487670898,54.8926086425781,56.1770706176758,57.554988861084,58.9770584106445,58.7393989562988,58.4802589416504,58.23828125,57.9815483093262,60.1854515075684,64.2837295532227,66.3732604980469,72.4235076904297,75.2008438110352,78.1212310791016,80.6917266845703,83.4292907714844,85.7338562011719,87.5400772094727,86.99658203125,86.2160873413086,88.2145080566406,89.5580596923828,91.2822113037109,92.3594131469727,92.2865676879883,92.1740264892578,91.0443267822266,91.305419921875,92.3569869995117,92.6702499389648,103.15030670166,88.3252105712891
Saudi Arabia,,,,,,,,,,,,,,,,84.5741119384766,,87.0568771362305,87.7426223754883,,,126.429801940918,134.669189453125,101.544128417969,,,,101.389068603516,102.527313232422,97.8086471557617,95.4680328369141,96.0771484375,120.351020812988,
Sudan,,,,,,,,,,,,,,,,,,,,,57.3413314819336,,55.8233184814453,57.8115615844727,58.0484390258789,59.757869720459,61.8628692626953,64.6164932250977,64.2929382324219,,,,,
Senegal,31.6043090820312,,30.3622093200684,,29.8612098693848,,31.8402805328369,32.5449104309082,35.0817794799805,,32.7756690979004,37.6261405944824,41.1978912353516,41.8171615600586,44.2747688293457,49.3506088256836,48.6288299560547,50.4272117614746,58.6743087768555,59.9385604858398,59.6342506408691,62.661750793457,62.8394508361816,63.7020683288574,64.9385375976562,62.9372100830078,,,,67.6464080810547,68.0933380126953,70.619873046875,59.6756401062012,69.3827819824219
Singapore,,,,,,,,,,,,,,,,,,,,,,,,,,,99.1869888305664,99.2512512207031,100.025909423828,97.8157730102539,102.175148010254,99.9688415527344,99.5066909790039,
Solomon Islands,,,,,,,,,,,,,,,,,,,,,,86.5053482055664,86.2909393310547,86.5631561279297,88.2404708862305,89.1763687133789,90.0945358276367,90.7507247924805,88.9737396240234,87.678596496582,83.4529571533203,,,75.0294342041016
Sierra Leone,,,,,,,,,,,,,,,,,,65.5577163696289,,,,64.9797210693359,61.3157157897949,59.9180526733398,,59.4024658203125,68.6075820922852,69.0373611450195,82.0191421508789,83.0636367797852,87.0887603759766,97.8069763183594,102.838470458984,98.4365158081055
El Salvador,,64.4867630004883,64.0922775268555,64.5842666625977,,65.7464065551758,69.9797668457031,,76.0774612426758,,83.0839309692383,84.4431381225586,85.213249206543,86.1616287231445,,90.1685791015625,89.1430435180664,93.8219833374023,94.2752532958984,97.2098388671875,97.8149337768555,99.4870223999023,98.0229415893555,96.4100189208984,95.6243209838867,92.7401962280273,92.4856719970703,92.6736068725586,89.9770736694336,,84.509407043457,85.871696472168,82.376838684082,82.6838073730469
San Marino,,,92.1739120483398,95.1612930297852,,,,,,,76.9784164428711,,,,,,,,96.6216201782227,92.9936294555664,94.1860504150391,95.4248428344727,92.8571395874023,,,,,,96.7741928100586,95.3608169555664,96.2732925415039,93.0635833740234,94.4751434326172,98.684211730957
Somalia,,,,,,,,,,,,,,,,,,,,,,,,,,,,,,,,,,
Serbia,,,,,,,,,,,,,,,,,,102.611312866211,106.295303344727,97.9651718139648,95.3952484130859,100.808219909668,98.2911834716797,98.5333633422852,103.059913635254,101.523010253906,99.6439514160156,100.91259765625,98.7015380859375,98.079719543457,98.0800170898438,99.1834411621094,97.9905166625977,
Sub-Saharan Africa (excluding high income),48.462158203125,49.1828117370605,48.6822319030762,49.6111106872559,48.9413604736328,49.0810012817383,49.5140991210938,49.1994895935059,48.5697898864746,48.6399612426758,48.4951782226562,49.883430480957,50.7853698730469,51.8476715087891,52.631420135498,54.9651184082031,57.7193717956543,57.8967514038086,59.5383911132812,63.2783203125,63.9896011352539,63.6383018493652,64.5544128417969,64.5955581665039,65.1350326538086,65.5647888183594,66.3948669433594,66.9194412231445,67.7828979492188,68.1664428710938,68.8769683837891,69.7726287841797,68.6965408325195,68.4607772827148
South Sudan,,,,,,,,,,,,,,,,,,,,,,19.6712493896484,,,,,,,,,,,,
Sub-Saharan Africa,48.4695091247559,49.18994140625,48.6875686645508,49.6164588928223,48.9467506408691,49.086540222168,49.5197410583496,49.204891204834,48.5754699707031,48.6453514099121,48.5003890991211,49.8886909484863,50.7899589538574,51.8526191711426,52.635570526123,54.9697189331055,57.7233581542969,57.9006500244141,59.5421981811523,63.2820091247559,63.9925193786621,63.6411285400391,64.5564880371094,64.5976715087891,65.1376495361328,65.5672073364258,66.3977813720703,66.9224395751953,67.785530090332,68.1692504882812,68.8797073364258,69.7755966186523,68.6981964111328,68.4621963500977
Small states,76.9196701049805,76.6820983886719,76.3713684082031,75.4223709106445,75.4985275268555,75.3625335693359,76.4061965942383,76.9187622070312,79.0932693481445,79.4646530151367,79.0552978515625,78.9076232910156,80.025260925293,80.274528503418,80.0852203369141,80.6339797973633,82.3637237548828,82.2607574462891,83.0278472900391,83.6114196777344,84.4892120361328,84.6135406494141,86.4513778686523,86.2536315917969,86.0093994140625,86.385612487793,85.954231262207,85.9943008422852,85.9794998168945,86.1514129638672,85.3070831298828,85.1433410644531,84.9342269897461,84.4285583496094
Sao Tome and Principe,,,,,,,,,,47.802791595459,,,60.9267997741699,57.2546997070312,71.0718002319336,74.3109664916992,,72.4849090576172,75.3566207885742,84.0481872558594,85.7343292236328,110.076469421387,91.3807907104492,96.8071975708008,89.4005584716797,95.2030944824219,80.3980484008789,86.5552291870117,86.4406814575195,90.8680572509766,,,,
Suriname,,,,,,,,,,,,,,,,83.9263000488281,91.2146835327148,74.9000015258789,87.5831069946289,86.351448059082,86.2198104858398,85.0544967651367,85.738037109375,86.2871932983398,89.3308868408203,88.2363662719727,87.4476165771484,82.4780120849609,82.5350036621094,86.1857986450195,90.9667816162109,82.0349197387695,,
Slovak Republic,,,98.6885223388672,96.9531631469727,97.5982437133789,97.015266418457,97.2285690307617,98.5009765625,99.6018295288086,100.205352783203,98.7543563842773,100.883781433105,99.0469589233398,99.4868698120117,102.868186950684,100.845520019531,97.8597793579102,97.7223815917969,98.0448303222656,96.8726119995117,97.0864028930664,99.0674514770508,95.6266326904297,94.6119003295898,93.5914993286133,93.9752731323242,93.8041610717773,94.8120498657227,92.8151473999023,91.3837127685547,96.5482406616211,92.6529693603516,96.6477279663086,
Slovenia,,,,,,,,98.061767578125,97.6700286865234,97.9560089111328,97.7860794067383,98.88330078125,96.3404312133789,105.400413513184,,,,,94.3059692382812,95.3949508666992,97.4813613891602,96.9866485595703,97.5046691894531,97.8915023803711,97.3865814208984,98.7430191040039,96.6293411254883,97.1882171630859,98.6363220214844,97.2948913574219,97.4262084960938,97.7730712890625,97.7381973266602,
Sweden,98.8327026367188,99.3671722412109,99.5571594238281,104.043258666992,104.566398620605,,,,,101.17552947998,101.035041809082,100.349960327148,100.067680358887,99.8168182373047,99.0506134033203,99.5318603515625,99.4617919921875,99.4052124023438,99.6941833496094,99.3124389648438,98.6471328735352,97.6236572265625,99.1866607666016,99.2749786376953,99.017448425293,99.2691879272461,99.5113296508789,99.6584625244141,99.533447265625,98.746940612793,99.5892105102539,99.7140808105469,99.9050598144531,
Eswatini,65.1111068725586,62.8975601196289,63.739990234375,62.2057914733887,63.2409286499023,66.7795791625977,64.156852722168,65.7429504394531,66.650749206543,65.537712097168,66.0936813354492,62.2842407226562,64.331657409668,63.8376884460449,64.8619079589844,67.6669616699219,67.0549774169922,70.4123001098633,,78.1740570068359,85.2765274047852,85.2851104736328,85.838020324707,86.7108383178711,87.8140487670898,93.61572265625,99.5820693969727,102.627220153809,102.443962097168,100.767379760742,,,,91.1140213012695
Sint Maarten (Dutch part),,,,,,,,,,,,,,,,,,,,,,,,,,,,,,,,,,
Seychelles,,109.808921813965,93.3252410888672,97.365119934082,106.744873046875,,,106.793479919434,112.430168151855,110.373443603516,111.857139587402,114.851486206055,102.531646728516,117.638481140137,105.616439819336,117.496437072754,,117.638038635254,124.418601989746,142.886596679688,116.387962341309,112.776031494141,101.083587646484,104.361869812012,120.634918212891,112.012481689453,129.502563476562,155.304733276367,128.473403930664,140.858215332031,133.499176025391,167.04035949707,100.905563354492,93.4633026123047
Syrian Arab Republic,85.0640869140625,87.2845306396484,92.1548385620117,85.1054382324219,87.7561416625977,87.609977722168,89.3045883178711,87.7111587524414,87.4255218505859,87.9026489257812,88.1467208862305,89.9298782348633,91.2147064208984,101.757011413574,101.874061584473,105.465797424316,108.827903747559,108.140327453613,107.903137207031,107.852821350098,106.12622833252,104.750648498535,104.216979980469,61.7442817687988,,,,,,,56.7361907958984,56.7915687561035,59.5791397094727,63.0531883239746
Turks and Caicos Islands,,,,,84.2105331420898,,,78.6259536743164,,,93.1972808837891,94.771240234375,105.590057373047,,104.938270568848,105.172409057617,,,,100.0,,,,,68.2539672851562,70.7317047119141,,,130.434783935547,,,99.2857131958008,95.6044006347656,
Chad,6.3250298500061,7.19425010681152,,,9.17241954803467,6.63712978363037,7.15727996826172,8.05265045166016,,11.5581398010254,12.8447198867798,14.5094499588013,16.6247997283936,20.8611793518066,22.6454696655273,20.3553791046143,21.3764896392822,,,23.2213001251221,23.6906509399414,26.8041000366211,27.1654090881348,30.1624603271484,,31.1634407043457,33.986400604248,31.1744499206543,33.9625587463379,,,37.6941986083984,,
East Asia & Pacific (IDA & IBRD countries),,,,,,92.2893218994141,89.5064163208008,90.3551330566406,92.0608978271484,93.6679382324219,95.7778091430664,97.9572219848633,96.8406982421875,96.2107315063477,95.3755111694336,94.9130477905273,94.0743713378906,96.8124084472656,102.100616455078,102.792617797852,102.575401306152,101.350929260254,99.1848983764648,99.7810668945312,96.1041717529297,94.227180480957,96.3037414550781,98.0023193359375,99.3587799072266,98.5137176513672,96.4218368530273,98.2006378173828,98.2177276611328,
Europe & Central Asia (IDA & IBRD countries),,,94.3702163696289,93.2376022338867,93.1819610595703,92.6513137817383,93.0033111572266,93.522819519043,94.3221664428711,95.4276733398438,95.1779937744141,97.738151550293,98.3964385986328,97.2609100341797,97.8001937866211,98.9543762207031,96.8228988647461,96.5504684448242,96.8146591186523,96.7715301513672,96.2648010253906,97.2320709228516,97.6761779785156,97.390510559082,97.2678070068359,97.3912734985352,105.080299377441,96.5513916015625,95.3712768554688,96.8533630371094,98.0121994018555,98.3310165405273,98.0356903076172,97.9297866821289
Togo,22.5422592163086,22.9506301879883,23.7405891418457,,19.8653106689453,27.4045600891113,31.2128200531006,,,40.8667907714844,49.6164588928223,56.5582008361816,,59.2294692993164,61.5892105102539,61.0618095397949,61.027759552002,,55.0062217712402,55.1584892272949,60.0441284179688,61.8455009460449,66.0808410644531,71.1603088378906,78.0965118408203,,90.770622253418,89.0180969238281,87.9843521118164,85.1184234619141,86.1690521240234,86.7838516235352,87.4874877929688,90.2686996459961
Thailand,,,,,,,,,,85.2909317016602,85.7844314575195,86.7160491943359,,,,,,,,,,,,,,,,98.6135101318359,99.3915710449219,100.591011047363,102.578384399414,102.918266296387,101.92064666748,101.854270935059
Tajikistan,,,,,,,,,,,,,,,,,,,,93.3982772827148,97.6154708862305,95.6135101318359,89.2887725830078,,90.2748794555664,91.8024826049805,88.8119430541992,89.841796875,,,,,,
Turkmenistan,,,,,,,,,,,,,,,,,,,,,,,,,,,,,,,,,,
Latin America & the Caribbean (IDA & IBRD countries),86.5134506225586,86.8571166992188,89.2768630981445,89.124153137207,88.4233169555664,89.0573577880859,89.4972076416016,90.2802581787109,91.2285079956055,91.7872695922852,92.1434936523438,92.1505889892578,93.4499282836914,93.7842025756836,94.5254211425781,95.2738494873047,96.2681427001953,97.3746032714844,97.4274291992188,97.7731399536133,98.1717376708984,98.2413635253906,99.2317962646484,99.0198211669922,99.2717895507812,97.8010101318359,97.360481262207,96.5155715942383,95.8801727294922,95.8715362548828,96.4628829956055,97.0808792114258,97.1227264404297,96.7992401123047
Timor-Leste,,,,,,,,,,,,,,,,,,,96.9670181274414,85.1489791870117,82.5419616699219,84.5051116943359,89.4338836669922,95.5872497558594,99.4632568359375,106.752624511719,101.849113464355,100.557693481445,105.137954711914,108.444534301758,105.794006347656,102.761985778809,97.9612503051758,93.0903930664062
Middle East & North Africa (IDA & IBRD countries),67.1930313110352,68.5160827636719,70.398323059082,71.5249481201172,72.1483535766602,74.2769622802734,75.1136016845703,75.7298202514648,76.4823608398438,77.3305511474609,77.0031814575195,78.5538177490234,78.7545318603516,78.6416778564453,83.8903274536133,86.2809677124023,82.2666320800781,83.8951034545898,85.6535797119141,84.5233993530273,85.1919479370117,85.5800094604492,86.5303726196289,83.4779968261719,83.1596984863281,82.3734436035156,81.9538116455078,81.3472518920898,82.2757415771484,82.5990676879883,84.8720626831055,85.0599594116211,85.2111968994141,
Tonga,111.943992614746,90.081298828125,,114.398727416992,,,,,99.0525436401367,104.76611328125,,98.452766418457,,,,106.836898803711,104.211402893066,,,,,,108.894882202148,115.246635437012,,,,,,,100.248344421387,99.1803283691406,112.256492614746,102.411575317383
South Asia (IDA & IBRD),52.0987014770508,53.5015487670898,54.8926086425781,56.1770706176758,57.554988861084,58.9770584106445,58.7393989562988,58.4802589416504,58.23828125,57.9815483093262,60.1854515075684,64.2837295532227,66.3732604980469,72.4235076904297,75.2008438110352,78.1212310791016,80.6917266845703,83.4292907714844,85.7338562011719,87.5400772094727,86.99658203125,86.2160873413086,88.2145080566406,89.5580596923828,91.2822113037109,92.3594131469727,92.2865676879883,92.1740264892578,91.0443267822266,91.305419921875,92.3569869995117,92.6702499389648,103.15030670166,88.3252105712891
Sub-Saharan Africa (IDA & IBRD countries),48.4695091247559,49.18994140625,48.6875686645508,49.6164588928223,48.9467506408691,49.086540222168,49.5197410583496,49.204891204834,48.5754699707031,48.6453514099121,48.5003890991211,49.8886909484863,50.7899589538574,51.8526191711426,52.635570526123,54.9697189331055,57.7233581542969,57.9006500244141,59.5421981811523,63.2820091247559,63.9925193786621,63.6411285400391,64.5564880371094,64.5976715087891,65.1376495361328,65.5672073364258,66.3977813720703,66.9224395751953,67.785530090332,68.1692504882812,68.8797073364258,69.7755966186523,68.6981964111328,68.4621963500977
Trinidad and Tobago,,95.0807876586914,95.3003311157227,92.6127166748047,,,90.9152526855469,89.4049530029297,,98.1823425292969,92.734619140625,87.8518295288086,,89.6019897460938,93.8527603149414,91.1820983886719,,92.9242782592773,89.00390625,90.2378616333008,87.7293319702148,,,,,,,,,,,,,85.7666778564453
Tunisia,71.2023468017578,66.9099578857422,,67.2095718383789,73.9546966552734,83.4442901611328,81.3514709472656,83.3468475341797,,84.5699615478516,85.5148773193359,88.9365310668945,91.5389709472656,93.832649230957,96.0158767700195,97.7132263183594,,97.0740966796875,88.9917602539062,88.2241668701172,98.4923324584961,,,97.1622695922852,98.4665679931641,98.6545562744141,94.1388702392578,91.1806182861328,,,99.7397308349609,99.5178298950195,,
Turkiye,88.771110534668,91.7667236328125,97.656379699707,91.9130325317383,92.2727508544922,90.4597473144531,,,,,,,,,,,,,,,,,,103.219009399414,99.0771179199219,98.8011169433594,135.340072631836,92.9772109985352,91.2951965332031,96.7656784057617,100.687889099121,103.484306335449,101.571060180664,
Tuvalu,67.9487228393555,,,138.709686279297,102.0,,,,95.0980377197266,,,118.0,101.923080444336,109.708740234375,107.207206726074,117.431190490723,114.035087585449,,,,,,,,102.0,123.404258728027,102.17391204834,,85.7142868041992,92.0,103.773582458496,100.917427062988,97.2973022460938,94.01708984375
Tanzania,,61.3805618286133,52.8243408203125,56.0739784240723,54.15380859375,,,58.3045997619629,48.1433792114258,58.628101348877,50.5320587158203,56.6999588012695,60.3336181640625,,58.1433906555176,54.2796096801758,71.4265670776367,82.3891296386719,,103.258453369141,90.4325485229492,86.7475967407227,83.6690368652344,79.2203903198242,,63.1312980651855,64.8061752319336,70.9560470581055,70.6413345336914,67.1270065307617,70.0159912109375,75.373405456543,,91.8758773803711
Uganda,,,,,,,,,,,,52.3632392883301,55.4310989379883,55.1229591369629,52.74951171875,52.0702285766602,,49.2414016723633,54.3741188049316,72.3696136474609,54.6821403503418,52.9730606079102,54.2892417907715,54.6949310302734,58.6412887573242,53.1914138793945,55.2198295593262,53.6522789001465,,,,,,
Ukraine,,,,92.9522933959961,91.42529296875,,,,,98.2311096191406,95.2164306640625,97.8973770141602,101.689552307129,,,119.574073791504,105.043228149414,104.382057189941,101.233612060547,100.418472290039,100.323623657227,101.909591674805,98.31591796875,99.2326812744141,96.9167098999023,89.361198425293,87.010627746582,88.2546768188477,85.0923919677734,89.8622817993164,90.2680435180664,89.7791976928711,,
Upper middle income,,,,,87.9964218139648,92.4465408325195,90.4679183959961,91.2144775390625,92.4986114501953,93.526481628418,94.5271987915039,95.9555816650391,95.8261871337891,95.1732025146484,95.6911926269531,95.8407821655273,94.3164215087891,96.7247314453125,100.736938476562,101.146957397461,101.000671386719,100.17115020752,98.5971832275391,99.1534881591797,96.0235366821289,94.1269378662109,96.5292587280273,95.8225326538086,95.9242401123047,95.8351135253906,94.8798294067383,96.2713470458984,95.8222808837891,
Uruguay,98.5403594970703,99.0875396728516,97.9330825805664,97.3820495605469,96.6913223266602,95.7099914550781,97.6957168579102,98.5595626831055,96.3584899902344,101.572387695312,98.9761734008789,97.3869323730469,99.2373428344727,96.2091293334961,95.0388412475586,97.6345825195312,98.2648468017578,101.22876739502,103.27433013916,102.392059326172,101.084579467773,101.919937133789,100.070686340332,100.051582336426,101.503730773926,101.114273071289,101.941261291504,,102.388061523438,,101.135368347168,100.42317199707,100.861961364746,
United States,,,,,,,,,,,,,,,,,,,,,,,,,,,,97.1660308837891,95.4763412475586,103.343627929688,101.677947998047,100.28727722168,94.0673522949219,
Uzbekistan,,,,,,,,,,,,100.920890808105,97.0428771972656,95.4948501586914,95.8052368164062,99.588981628418,94.8442764282227,95.2248229980469,95.4317932128906,97.3706665039062,99.4183502197266,97.0251770019531,95.2430572509766,92.9933547973633,96.3967437744141,93.4327697753906,97.4084701538086,97.9648208618164,96.7305374145508,96.634880065918,98.8075180053711,98.5476760864258,98.2551193237305,96.3231658935547
St. Vincent and the Grenadines,,,,,,,,,,,,,,93.6815490722656,105.971397399902,,,,104.928909301758,,97.729621887207,100.318466186523,104.376365661621,111.804763793945,108.799049377441,110.904586791992,113.753211975098,103.014419555664,124.142478942871,110.821380615234,122.376739501953,117.331672668457,,107.224334716797
"Venezuela, RB",,84.7326583862305,88.1209182739258,87.3247528076172,,,84.7939834594727,84.7361297607422,,84.5394134521484,86.3175201416016,87.904182434082,93.9272232055664,91.4489822387695,91.8022766113281,93.8747863769531,97.5442276000977,98.9358596801758,95.5796203613281,95.3726577758789,93.7410888671875,95.091667175293,96.6004791259766,96.9031066894531,97.2798309326172,96.1648406982422,93.0124206542969,89.980712890625,,,,,,98.6737289428711
British Virgin Islands,,,,,121.678321838379,,,,,,,,115.0,98.3783798217773,109.392272949219,108.241760253906,108.55615234375,92.5133666992188,,96.9230804443359,91.625617980957,90.4306182861328,93.9252319335938,102.439018249512,98.529411315918,106.5,89.7058792114258,93.2367095947266,74.7619018554688,66.0714263916016,79.9163208007812,,,
Virgin Islands (U.S.),,,,,,,,,,,,,,,,,,,,,,,,,,,,,,,,,,
Viet Nam,,,,,,,,,,97.4012298583984,98.6313705444336,104.749847412109,102.4208984375,102.321807861328,,,,,,,,,,92.2347869873047,101.460731506348,97.4553298950195,101.555671691895,,110.693084716797,,,,117.830123901367,
Vanuatu,,,84.3423767089844,,75.1093826293945,,,,90.2718811035156,,85.7200469970703,95.7362823486328,,,82.164176940918,,,80.3086013793945,80.7961730957031,84.7370376586914,84.7426452636719,,,90.877067565918,,,,,,94.4831619262695,95.2420501708984,100.158187866211,104.760688781738,108.25870513916
World,76.9985580444336,76.3342590332031,75.6943817138672,75.9503707885742,75.5357208251953,77.2487869262695,76.5728530883789,76.7928695678711,77.3008499145508,77.8683471679688,78.6441116333008,80.9353637695312,81.3304672241211,82.0821762084961,82.8220367431641,83.8698883056641,84.3674697875977,85.8379287719727,87.8861770629883,89.0599975585938,88.9026870727539,88.2388305664062,88.591178894043,88.5871124267578,88.2387771606445,87.9232864379883,88.6643676757812,88.4811630249023,88.415771484375,88.6762924194336,88.7724914550781,89.3835525512695,91.6250991821289,87.677001953125
Samoa,,,,,,,,,,89.7900772094727,95.8566131591797,92.8603515625,,,,,,99.9585418701172,,92.4178619384766,98.5093688964844,99.7858657836914,94.6004333496094,,95.6371459960938,104.381446838379,104.22534942627,105.51782989502,101.062477111816,106.994171142578,98.5772323608398,100.510406494141,104.269920349121,102.199028015137
Kosovo,,,,,,,,,,,,,,,,,,,,,,,,,,,,,,,,,,
"Yemen, Rep.",,,,,,,,,,30.856689453125,,34.8879585266113,36.2748184204102,40.0545883178711,40.9074287414551,42.703929901123,,,48.6263694763184,,50.7245407104492,,55.2742614746094,56.9923210144043,,,58.7242584228516,,,,,,,
South Africa,,94.8227310180664,,,,,,,83.8993072509766,77.0991287231445,74.3830184936523,,78.5274124145508,81.9762573242188,86.7293167114258,,,,,,,,,,,96.1811294555664,96.9955062866211,,99.2211227416992,98.8295974731445,97.5960311889648,98.6489562988281,90.6903762817383,
Zambia,,,,,,,,,58.4509887695312,55.8524513244629,54.5044288635254,,53.6905708312988,,64.9272308349609,68.5956268310547,77.1711273193359,80.452880859375,84.4902191162109,79.7948837280273,102.645027160645,,89.5226898193359,80.4646530151367,,,,,,,,,,
Zimbabwe,,,,,,,,,,85.9600677490234,,92.47998046875,90.0171508789062,90.1498565673828,,,,,,,,,87.7595367431641,87.1339950561523,85.547737121582,89.6861190795898,89.6766128540039,89.5210037231445,90.0719985961914,89.2721633911133,91.1241683959961,86.1428527832031,86.6489334106445,
